1,"[[12351, 21179, 25.839249264045044, array([ -6.54545894e-05,   2.23468249e+02]), [[12351, 12419, 21065, 21159, 21166, 21175, 21179], 2391.5555555555561, 8828.000018401677, array([], dtype=float64)], [[(12283, 222.47), (12405, 222.47), (12525, 222.21000000000001), (21112, 222.04), (21162, 222.035), (21170, 222.045), (21177, 222.04), (21183, 222.04)], [0.18628443021282237, 0.18628443021282237, 0.43842987948181644, 0.046371320090287327, 0.048098590619048309, 0.037574953903657615, 0.042116771777671147, 0.042116771777671147], [68, 68, 8646, 94, 7, 9, 4, 4], [0.0027394769148944465, 0.0027394769148944465, 5.0708984441570257e-05, 0.00049331191585412048, 0.0068712272312926159, 0.0041749948781841795, 0.010529192944417787, 0.010529192944417787]], 8, [[(12351, 222.655), (12419, 222.66), (21065, 222.11), (21159, 222.07), (21166, 222.075), (21175, 222.08), (21179, 222.085)], [0.18500000000000227, 0.22033333333331484, 0.069069523698630064, 0.03469999999998663, 0.03499999999999659, 0.038571428571458455, 0.045000000000015916], [122, 120, 8587, 50, 8, 7, 6], [0.0015163934426229695, 0.0018361111111109571, 8.0434987421253126e-06, 0.0006939999999997326, 0.004374999999999574, 0.005510204081636922, 0.007500000000002653]], 7]]"
1,"[[12351, 21198, 25.906295806856299, array([ -6.49366535e-05,   2.23461811e+02]), [[12351, 12419, 21065, 21166, 21175, 21179, 21198], 2390.5, 8847.000018041426, array([], dtype=float64)], [[(12283, 222.47), (12405, 222.47), (12525, 222.21000000000001), (21115, 222.02), (21170, 222.045), (21177, 222.04), (21188, 222.03), (21217, 222.03)], [0.186271516791777, 0.186271516791777, 0.43847911837224274, 0.07067326484093428, 0.042101748898687674, 0.046647192324201114, 0.055932889135732466, 0.055932889135732466], [68, 68, 8646, 101, 9, 4, 19, 19], [0.0027392870116437797, 0.0027392870116437797, 5.0714679432366728e-05, 0.0006997352954547949, 0.0046779720998541864, 0.011661798081050279, 0.0029438362703017086, 0.0029438362703017086]], 8, [[(12351, 222.655), (12419, 222.66), (21065, 222.11), (21166, 222.075), (21175, 222.08), (21179, 222.085), (21198, 222.09)], [0.18500000000000227, 0.22033333333331484, 0.088894062863801082, 0.0318181818181813, 0.038571428571458455, 0.04681818181819608, 0.060000000000002274], [122, 120, 8590, 55, 7, 11, 29], [0.0015163934426229695, 0.0018361111111109571, 1.0348552137811535e-05, 0.0005785123966942055, 0.005510204081636922, 0.004256198347108734, 0.002068965517241458]], 7]]"
1,"[[9167, 24171, 25.512185906055127, array([ -3.64985096e-06,   2.23371154e+02]), [[9167, 9283, 24134, 24140, 24145, 24166, 24171], 4116.7777777777783, 15004.000000083312, array([], dtype=float64)], [[(9051, 223.11500000000001), (9195, 223.11500000000001), (23934, 222.995), (24137, 223.26), (24142, 223.265), (24155, 223.19), (24168, 223.26), (24176, 223.26)], [0.2225940708239591, 0.2225940708239591, 0.28879891751057585, 0.023057997765505434, 0.018039748510716436, 0.092992300448202059, 0.022944852385734293, 0.022944852385734293], [116, 116, 14851, 6, 5, 21, 5, 5], [0.0019189144036548199, 0.0019189144036548199, 1.9446429029060389e-05, 0.0038429996275842391, 0.0036079497021432871, 0.0044282047832477174, 0.0045889704771468589, 0.0045889704771468589]], 8, [[(9167, 223.33), (9283, 223.345), (24134, 223.295), (24140, 223.295), (24145, 223.27), (24166, 223.275), (24171, 223.28)], [0.21500000000000341, 0.23071646651740707, 0.038916256157648377, 0.03200000000001069, 0.022307692307720117, 0.025769230769242313, 0.020000000000010232], [144, 14739, 203, 5, 13, 13, 8], [0.0014930555555555793, 1.565346811299322e-05, 0.00019170569535787379, 0.0064000000000021375, 0.001715976331363086, 0.0019822485207109473, 0.002500000000001279]], 7]]"
1,"[[43282, 62827, 25.930757845244926, array([ -5.18301336e-05,   2.28139622e+02]), [[43282, 43717, 62803, 62808, 62812, 62818, 62827], 5276.166666666667, 19545.000026355207, array([], dtype=float64)], [[(42847, 225.69499999999999), (43513, 225.69499999999999), (43797, 225.535), (62805, 224.875), (62810, 224.85), (62815, 224.85), (62822, 224.855), (62836, 224.855)], [0.18933770963647589, 0.18933770963647589, 0.33461795169918673, 0.0094307725728128844, 0.034171621904903304, 0.03391247123698804, 0.028549660301933955, 0.028549660301933955], [435, 435, 19086, 5, 4, 6, 9, 9], [0.00043525910261258825, 0.00043525910261258825, 1.7532115251974574e-05, 0.0018861545145625769, 0.0085429054762258261, 0.0056520785394980066, 0.0031721844779926617, 0.0031721844779926617]], 8, [[(43282, 225.9), (43717, 225.87), (62803, 224.885), (62808, 224.87), (62812, 224.88), (62818, 224.9), (62827, 224.885)], [0.20500000000001251, 0.28992957746481807, 0.0099305555555417868, 0.009999999999990905, 0.030000000000001137, 0.047857142857168355, 0.030000000000001137], [666, 284, 19008, 5, 5, 7, 14], [0.0003078078078078266, 0.0010208787938902045, 5.2244084362067483e-07, 0.001999999999998181, 0.006000000000000227, 0.0068367346938811935, 0.002142857142857224]], 7]]"
1,"[[43282, 62835, 25.943556998902466, array([ -5.16087221e-05,   2.28129993e+02]), [[43282, 43717, 62803, 62812, 62818, 62827, 62835], 5275.7222222222217, 19553.000026085512, array([], dtype=float64)], [[(42847, 225.69499999999999), (43513, 225.69499999999999), (43797, 225.535), (62807, 224.875), (62815, 224.85), (62822, 224.855), (62831, 224.85), (62843, 224.85)], [0.1893423583852325, 0.1893423583852325, 0.33468548130917952, 0.013603674211907446, 0.038190804435117798, 0.032829543380444193, 0.037365064881555554, 0.037365064881555554], [435, 435, 19086, 9, 6, 9, 8, 8], [0.00043526978939133909, 0.00043526978939133909, 1.7535653427076367e-05, 0.001511519356878605, 0.0063651340725196333, 0.0036477270422715768, 0.0046706331101944443, 0.0046706331101944443]], 8, [[(43282, 225.9), (43717, 225.87), (62803, 224.885), (62812, 224.88), (62818, 224.9), (62827, 224.885), (62835, 224.89)], [0.20500000000001251, 0.28992957746481807, 0.0098611257232903426, 0.020625000000052296, 0.047857142857168355, 0.032777777777766914, 0.03999999999999204], [666, 284, 19010, 8, 7, 9, 12], [0.0003078078078078266, 0.0010208787938902045, 5.1873359933142252e-07, 0.002578125000006537, 0.0068367346938811935, 0.0036419753086407683, 0.00333333333333267]], 7]]"
1,"[[43832, 63049, 26.785645543692539, array([ -1.34844358e-05,   2.26235191e+02]), [[43832, 43904, 43968, 44622, 44761, 63030, 63049], 5022.0555555555557, 19217.00000169186, array([], dtype=float64)], [[(43760, 225.52500000000001), (43854, 225.52500000000001), (43953, 225.50999999999999), (44425, 225.13499999999999), (44694, 225.405), (44852, 225.315), (63039, 225.45), (63068, 225.45)], [0.1188446436517836, 0.1188446436517836, 0.13250968450850564, 0.50114503081525186, 0.22751771758748873, 0.31538717673254268, -0.064854256995403148, -0.064854256995403148], [72, 72, 64, 654, 139, 18269, 19, 19], [0.0016506200507192166, 0.0016506200507192166, 0.0020704638204454007, 0.00076627680552790803, 0.0016368181121402068, 1.7263516160301204e-05, -0.0034133819471264815, -0.0034133819471264815]], 8, [[(43832, 225.645), (43904, 225.65), (43968, 225.63), (44622, 225.62), (44761, 225.65), (63030, 225.38), (63049, 225.39)], [0.12000000000000455, 0.13257575757575069, 0.13191737288138938, 0.28726765799257237, 0.28316455696204912, -0.069933194039691671, -0.060000000000002274], [94, 99, 472, 269, 158, 18187, 29], [0.0012765957446808994, 0.001339149066421724, 0.00027948595949446901, 0.0010679095092660683, 0.0017921807402661338, -3.8452297816952586e-06, -0.002068965517241458]], 7]]"
1,"[[43832, 63079, 19.953900171155183, array([ -1.05408424e-05,   2.26105058e+02]), [[43832, 43904, 43968, 44622, 44761, 63079], 5787.4400000000005, 19247.00000109173, array([], dtype=float64)], [[(43760, 225.52500000000001), (43854, 225.52500000000001), (43953, 225.50999999999999), (44425, 225.13499999999999), (44694, 225.405), (44852, 225.315), (81397, 225.315)], [0.1178000674657369, 0.1178000674657369, 0.13175652407281291, 0.50178124648215316, 0.22894575988914312, 0.31728030679735753, 0.31728030679735753], [72, 72, 64, 654, 139, 18318, 18318], [0.0016361120481352348, 0.0016361120481352348, 0.0020586956886377017, 0.00076724961235803235, 0.0016470917977636195, 1.7320684943626899e-05, 1.7320684943626899e-05]], 7, [[(43832, 225.645), (43904, 225.65), (43968, 225.63), (44622, 225.62), (44761, 225.65), (63079, 225.44)], [0.12000000000000455, 0.13257575757575069, 0.13191737288138938, 0.28726765799257237, 0.28316455696204912, 0.125], [94, 99, 472, 269, 158, 36545], [0.0012765957446808994, 0.001339149066421724, 0.00027948595949446901, 0.0010679095092660683, 0.0017921807402661338, 3.4204405527431935e-06]], 6]]"
1,"[[43832, 63126, 26.796631467633119, array([ -2.64470083e-06,   2.25760345e+02]), [[43832, 43904, 43968, 44761, 63097, 63105, 63126], 5040.1111111111122, 19294.000000052478, array([], dtype=float64)], [[(43760, 225.52500000000001), (43854, 225.52500000000001), (43953, 225.50999999999999), (44694, 225.405), (44852, 225.315), (63101, 225.51), (63115, 225.54), (63147, 225.54)], [0.11936401135369579, 0.11936401135369579, 0.13410218597127255, 0.23714246265421934, 0.3267245999226418, 0.083461454426327464, 0.053424428614647468, 0.053424428614647468], [72, 72, 64, 793, 18336, 8, 21, 21], [0.0016578334910235526, 0.0016578334910235526, 0.0020953466558011336, 0.00029904471961440018, 1.7818749995781074e-05, 0.010432681803290933, 0.002544020410221308, 0.002544020410221308]], 8, [[(43832, 225.645), (43904, 225.65), (43968, 225.63), (44761, 225.65), (63097, 225.59), (63105, 225.59), (63126, 225.6)], [0.12000000000000455, 0.13257575757575069, 0.12212550607287653, 0.28316455696204912, 0.080042742068059169, 0.07142857142858361, 0.060000000000002274], [94, 99, 741, 158, 18249, 14, 32], [0.0012765957446808994, 0.001339149066421724, 0.00016481174908620315, 0.0017921807402661338, 4.3861440116203169e-06, 0.005102040816327401, 0.001875000000000071]], 7]]"
2,"[[58124, 68815, 20.442203753242584, array([  7.06433938e-06,   2.22947158e+02]), [[58124, 58469, 58794, 68777, 68805, 68815], 3137.9200000000005, 10691.000000229164, array([ 0.00012383])], [[(57779, 223.75999999999999), (58298, 223.75999999999999), (58576, 223.69), (63728, 226.91), (68791, 223.585), (68810, 223.495), (68825, 223.495)], [0.401005100443939, 0.401005100443939, 0.32904121409751497, 3.5126457376340738, 0.15187898737508476, 0.061744764926942253, 0.061744764926942253], [345, 345, 325, 9983, 28, 10, 10], [0.0011623336244751855, 0.0011623336244751855, 0.0010124345049154306, 0.00035186274042212502, 0.0054242495491101704, 0.0061744764926942256, 0.0061744764926942256]], 7, [[(58124, 223.365), (58469, 223.36), (58794, 223.355), (68777, 223.43), (68805, 223.435), (68815, 223.435)], [0.39499999999998181, 0.35694244604314918, 0.47125000000002615, 0.1641941536638285, 0.08368421052625763, 0.060000000000002274], [519, 278, 5152, 5063, 19, 15], [0.00076107899807318269, 0.0012839656332487381, 9.1469332298141722e-05, 3.2430210085686057e-05, 0.004404432132960928, 0.004000000000000152]], 6]]"
2,"[[120941, 136335, 19.290404524179309, array([  4.63153687e-05,   2.20353118e+02]), [[120941, 121144, 121197, 121281, 136330, 136335], 4788.0799999999999, 15394.000015688744, array([ 0.00035652])], [[(120738, 226.17500000000001), (121073, 226.17500000000001), (121182, 226.09999999999999), (121269, 226.09999999999999), (132150, 228.315), (136332, 226.68), (136340, 226.68)], [0.21434170012992126, 0.21434170012992126, 0.13429332494686719, 0.13026388787420728, 1.841306361577324, 0.012615489876793617, 0.012615489876793617], [203, 203, 53, 84, 15049, 5, 5], [0.0010558704439897599, 0.0010558704439897599, 0.0025338363197522111, 0.0015507605699310392, 0.00012235406748470489, 0.0025230979753587237, 0.0025230979753587237]], 7, [[(120941, 225.965), (121144, 225.965), (121197, 225.955), (121281, 225.97), (136330, 226.675), (136335, 226.66)], [0.21000000000000796, 0.16114678899080559, 0.14499999999998181, 0.13244279018471161, 0.0057819225251307671, 0.020000000000010232], [335, 109, 87, 10881, 4182, 8], [0.00062686567164181475, 0.0014784109081725284, 0.0016666666666664575, 1.2171931824713869e-05, 1.3825735354210346e-06, 0.002500000000001279]], 6]]"
2,"[[121483, 136371, 19.33104810196544, array([  2.98516413e-05,   2.22470867e+02]), [[121483, 121751, 121828, 136358, 136364, 136371], 4620.9599999999991, 14888.000006209699, array([ 0.00033879])], [[(121215, 226.40000000000001), (121645, 226.40000000000001), (121803, 226.25), (132150, 228.315), (136361, 226.57), (136367, 226.57), (136378, 226.57)], [0.29782998924224557, 0.29782998924224557, 0.14311342991513243, 1.8992384972712841, 0.028533235711108773, 0.028354125863245372, 0.028354125863245372], [268, 268, 77, 14530, 6, 7, 7], [0.0011113059300083791, 0.0011113059300083791, 0.0018586159729237978, 0.0001307115276855667, 0.0047555392851847955, 0.0040505894090350535, 0.0040505894090350535]], 7, [[(121483, 226.11), (121751, 226.105), (121828, 226.095), (136358, 226.545), (136364, 226.54), (136371, 226.54)], [0.28999999999999204, 0.19436708860760632, 0.15998936889920401, 0.026243172643091839, 0.030000000000001137, 0.030000000000001137], [430, 158, 10347, 4211, 6, 11], [0.00067441860465114424, 0.0012301714468835843, 1.5462391891292548e-05, 6.2320523968396669e-06, 0.005000000000000189, 0.0027272727272728307]], 6]]"
2,"[[121483, 136408, 26.013611663951789, array([  3.01336454e-05,   2.22436549e+02]), [[121483, 121751, 121828, 136364, 136371, 136377, 136408], 4016.1666666666665, 14925.000006339196, array([ 0.00058758])], [[(121215, 226.40000000000001), (121645, 226.40000000000001), (121803, 226.25), (132150, 228.315), (136367, 226.57), (136374, 226.55), (136392, 226.61), (136439, 226.61)], [0.29784343302551974, 0.29784343302551974, 0.14308231705675212, 1.896289488394217, 0.02421590586112643, 0.0040049703435443007, 0.063462564726847859, 0.063462564726847859], [268, 268, 77, 14536, 7, 6, 31, 31], [0.0011113560933788051, 0.0011113560933788051, 0.0018582119098279495, 0.0001304546978807249, 0.0034594151230180614, 0.00066749505725738345, 0.0020471795073176728, 0.0020471795073176728]], 8, [[(121483, 226.11), (121751, 226.105), (121828, 226.095), (136364, 226.54), (136371, 226.54), (136377, 226.56), (136408, 226.545)], [0.28999999999999204, 0.19436708860760632, 0.15998936889920401, 0.031241403841590909, 0.01857142857139138, 0.0, 0.06500000000002615], [430, 158, 10347, 4217, 7, 18, 47], [0.00067441860465114424, 0.0012301714468835843, 1.5462391891292548e-05, 7.4084429313708582e-06, 0.0026530612244844826, 0.0, 0.0013829787234048117]], 7]]"
2,"[[121483, 136428, 19.340436553416001, array([  2.96269365e-05,   2.22498212e+02]), [[121483, 121751, 121828, 136408, 136422, 136428], 4636.3999999999996, 14945.00000604299, array([ 0.0003743])], [[(121215, 226.40000000000001), (121645, 226.40000000000001), (121803, 226.25), (132150, 228.315), (136415, 226.56), (136425, 226.54), (136434, 226.54)], [0.29781955487334244, 0.29781955487334244, 0.14313849889987296, 1.9015885865118207, 0.020229702165153185, -6.6567200263989434e-05, -6.6567200263989434e-05], [268, 268, 77, 14580, 14, 6, 6], [0.001111266995796054, 0.001111266995796054, 0.0018589415441541942, 0.00013042445723675038, 0.0014449787260823704, -1.1094533377331572e-05, -1.1094533377331572e-05]], 7, [[(121483, 226.11), (121751, 226.105), (121828, 226.095), (136408, 226.545), (136422, 226.54), (136428, 226.535)], [0.28999999999999204, 0.19436708860760632, 0.15998936889920401, 0.017880422039894484, 0.006000000000057071, 0.0049999999999954525], [430, 158, 10347, 4265, 10, 9], [0.00067441860465114424, 0.0012301714468835843, 1.5462391891292548e-05, 4.1923615568334073e-06, 0.0006000000000057071, 0.0005555555555550503]], 6]]"
2,"[[120941, 136442, 19.278571914496677, array([  3.57474682e-05,   2.21637301e+02]), [[120941, 121039, 121144, 121197, 121281, 136442], 4824.3199999999997, 15501.000009757436, array([ 0.00050549])], [[(120843, 226.095), (120998, 226.095), (121073, 226.17500000000001), (121182, 226.09999999999999), (121269, 226.09999999999999), (132150, 228.315), (151603, 228.315)], [0.13232689149066346, 0.13232689149066346, 0.20964583137788395, 0.1307493573472982, 0.12763932761646402, 1.9536711264541111, 1.9536711264541111], [98, 98, 105, 53, 84, 15161, 15161], [0.0013502744029659536, 0.0013502744029659536, 0.0019966269655036567, 0.0024669690065527963, 0.0015195158049579049, 0.0001288616269674897, 0.0001288616269674897]], 7, [[(120941, 225.965), (121039, 225.98), (121144, 225.965), (121197, 225.955), (121281, 225.97), (136442, 226.515)], [0.12999999999999545, 0.15873333333334472, 0.16114678899080559, 0.14499999999998181, 0.13244279018471161, 1.8000000000000114], [155, 75, 109, 87, 10881, 19453], [0.00083870967741932548, 0.002116444444444596, 0.0014784109081725284, 0.0016666666666664575, 1.2171931824713869e-05, 9.2530715056804156e-05]], 6]]"
2,"[[120941, 136485, 25.967807817692925, array([  3.57052209e-05,   2.21642418e+02]), [[120941, 121039, 121144, 121197, 121281, 136442, 136485], 4190.1111111111113, 15544.000009730444, array([ 0.00050632])], [[(120843, 226.095), (120998, 226.095), (121073, 226.17500000000001), (121182, 226.09999999999999), (121269, 226.09999999999999), (132150, 228.315), (136463, 226.53), (136528, 226.53)], [0.13232139735021065, 0.13232139735021065, 0.2096435057860333, 0.13075163671274481, 0.12764528249829254, 1.9541367743674982, 0.015140156816897843, 0.015140156816897843], [98, 98, 105, 53, 84, 15161, 43, 43], [0.0013502183403082718, 0.0013502183403082718, 0.0019966048170098408, 0.0024670120134480155, 0.0015195866964082445, 0.00012889234050309994, 0.00035209667016041494, 0.00035209667016041494]], 8, [[(120941, 225.965), (121039, 225.98), (121144, 225.965), (121197, 225.955), (121281, 225.97), (136442, 226.515), (136485, 226.515)], [0.12999999999999545, 0.15873333333334472, 0.16114678899080559, 0.14499999999998181, 0.13244279018471161, 0.023691166241576411, 0.01500000000001478], [155, 75, 109, 87, 10881, 4313, 65], [0.00083870967741932548, 0.002116444444444596, 0.0014784109081725284, 0.0016666666666664575, 1.2171931824713869e-05, 5.4929669004350594e-06, 0.00023076923076945815]], 7]]"
2,"[[120941, 139313, 19.194015719620683, array([  2.65381293e-05,   2.22752725e+02]), [[120941, 121039, 121144, 121197, 121281, 139313], 5743.04, 18372.000006401726, array([ 0.0004429])], [[(120843, 226.095), (120998, 226.095), (121073, 226.17500000000001), (121182, 226.09999999999999), (121269, 226.09999999999999), (132150, 228.315), (157345, 228.315)], [0.1312145288113129, 0.1312145288113129, 0.20922416911537312, 0.13133151302392321, 0.12902269577662651, 2.0552613110892253, 2.0552613110892253], [98, 98, 105, 53, 84, 18032, 18032], [0.0013389237633807439, 0.0013389237633807439, 0.0019926111344321248, 0.0024779530759230792, 0.001535984473531268, 0.0001139785554064566, 0.0001139785554064566]], 7, [[(120941, 225.965), (121039, 225.98), (121144, 225.965), (121197, 225.955), (121281, 225.97), (139313, 226.45)], [0.12999999999999545, 0.15873333333334472, 0.16114678899080559, 0.14499999999998181, 0.13244279018471161, 1.8650000000000091], [155, 75, 109, 87, 10881, 25195], [0.00083870967741932548, 0.002116444444444596, 0.0014784109081725284, 0.0016666666666664575, 1.2171931824713869e-05, 7.4022623536416311e-05]], 6]]"
2,"[[120941, 139424, 25.960137788128023, array([  2.67368496e-05,   2.22728652e+02]), [[120941, 121039, 121144, 121197, 121281, 139313, 139424], 4983.833333333333, 18483.000006628386, array([ 0.00046883])], [[(120843, 226.095), (120998, 226.095), (121073, 226.17500000000001), (121182, 226.09999999999999), (121269, 226.09999999999999), (132150, 228.315), (139319, 226.61500000000001), (139535, 226.61500000000001)], [0.13124307766631205, 0.13124307766631205, 0.20923781394520802, 0.13132349733717774, 0.12899739142068256, 2.0530737307613265, 0.16139725587234466, 0.16139725587234466], [98, 98, 105, 53, 84, 18032, 111, 111], [0.0013392150782276738, 0.0013392150782276738, 0.0019927410851924574, 0.0024778018365505233, 0.0015356832311986019, 0.00011385723883991385, 0.0014540293321832851, 0.0014540293321832851]], 8, [[(120941, 225.965), (121039, 225.98), (121144, 225.965), (121197, 225.955), (121281, 225.97), (139313, 226.45), (139424, 226.46)], [0.12999999999999545, 0.15873333333334472, 0.16114678899080559, 0.14499999999998181, 0.13244279018471161, 0.16642279257919768, 0.15500000000000114], [155, 75, 109, 87, 10881, 7169, 216], [0.00083870967741932548, 0.002116444444444596, 0.0014784109081725284, 0.0016666666666664575, 1.2171931824713869e-05, 2.3214226890667829e-05, 0.0007175925925925979]], 7]]"
2,"[[120941, 139464, 33.407328349884153, array([  2.42448762e-05,   2.23030482e+02]), [[120941, 121039, 121144, 121197, 121281, 139452, 139457, 139464], 4435.6734693877561, 18523.00000558832, array([ 0.00054144])], [[(120843, 226.095), (120998, 226.095), (121073, 226.17500000000001), (121182, 226.09999999999999), (121269, 226.09999999999999), (132150, 228.315), (139454, 226.445), (139460, 226.44), (139471, 226.44)], [0.13093685790036602, 0.13093685790036602, 0.20911849218552447, 0.13147580067990816, 0.1293664964507002, 2.0805579985400584, 0.033473422789739971, 0.028327953532539141, 0.028327953532539141], [98, 98, 105, 53, 84, 18171, 5, 7, 7], [0.0013360903867384289, 0.0013360903867384289, 0.0019916046874811854, 0.0024806754845265689, 0.0015400773386988118, 0.00011449881671564902, 0.0066946845579479945, 0.0040468505046484483, 0.0040468505046484483]], 9, [[(120941, 225.965), (121039, 225.98), (121144, 225.965), (121197, 225.955), (121281, 225.97), (139452, 226.405), (139457, 226.41), (139464, 226.42)], [0.12999999999999545, 0.15873333333334472, 0.16114678899080559, 0.14499999999998181, 0.13244279018471161, 0.040512048192738348, 0.03249999999999886, 0.020000000000010232], [155, 75, 109, 87, 10881, 7304, 6, 11], [0.00083870967741932548, 0.002116444444444596, 0.0014784109081725284, 0.0016666666666664575, 1.2171931824713869e-05, 5.5465564338360277e-06, 0.005416666666666477, 0.0018181818181827484]], 8]]"
2,"[[120941, 139487, 33.758205030449361, array([  2.63802601e-05,   2.22771851e+02]), [[120941, 121039, 121144, 121197, 121281, 139313, 139477, 139487], 4395.0204081632655, 18546.000006473096, array([ 0.00050256])], [[(120843, 226.095), (120998, 226.095), (121073, 226.17500000000001), (121182, 226.09999999999999), (121269, 226.09999999999999), (132150, 228.315), (139319, 226.61500000000001), (139482, 226.43), (139497, 226.43)], [0.13119057965334946, 0.13119057965334946, 0.20921206014728, 0.13133661179841738, 0.12904152917138845, 2.0569979192298433, 0.1678778347090315, -0.021422147684177162, -0.021422147684177162], [98, 98, 105, 53, 84, 18032, 164, 10, 10], [0.0013386793842178517, 0.0013386793842178517, 0.0019924958109264761, 0.0024780492792154224, 0.0015362086806117673, 0.00011407486242401526, 0.0010236453335916555, -0.0021422147684177161, -0.0021422147684177161]], 9, [[(120941, 225.965), (121039, 225.98), (121144, 225.965), (121197, 225.955), (121281, 225.97), (139313, 226.45), (139477, 226.445), (139487, 226.455)], [0.12999999999999545, 0.15873333333334472, 0.16114678899080559, 0.14499999999998181, 0.13244279018471161, 0.16642279257919768, -0.0093251533742204629, -0.025000000000005684], [155, 75, 109, 87, 10881, 7169, 163, 15], [0.00083870967741932548, 0.002116444444444596, 0.0014784109081725284, 0.0016666666666664575, 1.2171931824713869e-05, 2.3214226890667829e-05, -5.7209529903193022e-05, -0.0016666666666670456]], 8]]"
2,"[[120941, 140395, 19.168768725178964, array([  1.98623294e-05,   2.23561294e+02]), [[120941, 121039, 121144, 121197, 121281, 140395], 6089.2800000000007, 19454.00000380963, array([ 0.00040508])], [[(120843, 226.095), (120998, 226.095), (121073, 226.17500000000001), (121182, 226.09999999999999), (121269, 226.09999999999999), (132150, 228.315), (159509, 228.315)], [0.13040422492508696, 0.13040422492508696, 0.20891455021788374, 0.13174955631009766, 0.13002153364973879, 2.1288995271297892, 2.1288995271297892], [98, 98, 105, 53, 84, 19114, 19114], [0.0013306553563784385, 0.0013306553563784385, 0.001989662383027464, 0.0024858406850961821, 0.0015478754005921285, 0.00011137906911843619, 0.00011137906911843619]], 7, [[(120941, 225.965), (121039, 225.98), (121144, 225.965), (121197, 225.955), (121281, 225.97), (140395, 226.35)], [0.12999999999999545, 0.15873333333334472, 0.16114678899080559, 0.14499999999998181, 0.13244279018471161, 1.9650000000000034], [155, 75, 109, 87, 10881, 27359], [0.00083870967741932548, 0.002116444444444596, 0.0014784109081725284, 0.0016666666666664575, 1.2171931824713869e-05, 7.1822800540955565e-05]], 6]]"
2,"[[120941, 140409, 33.37468731519418, array([  2.00322941e-05,   2.23540708e+02]), [[120941, 121039, 121144, 121197, 121281, 140395, 140403, 140409], 4666.5306122448983, 19468.00000380689, array([ 0.00047239])], [[(120843, 226.095), (120998, 226.095), (121073, 226.17500000000001), (121182, 226.09999999999999), (121269, 226.09999999999999), (132150, 228.315), (140399, 226.36), (140406, 226.37), (140415, 226.37)], [0.13042496226714206, 0.13042496226714206, 0.20892254021256917, 0.13173902015992667, 0.12999621057662125, 2.1270248188991161, 0.0067784251901059633, 0.016638199131676856, 0.016638199131676856], [98, 98, 105, 53, 84, 19114, 8, 6, 6], [0.0013308669619096129, 0.0013308669619096129, 0.0019897384782149447, 0.0024856418898099369, 0.0015475739354359672, 0.00011128098874642231, 0.00084730314876324542, 0.0027730331886128092, 0.0027730331886128092]], 9, [[(120941, 225.965), (121039, 225.98), (121144, 225.965), (121197, 225.955), (121281, 225.97), (140395, 226.35), (140403, 226.36), (140409, 226.35)], [0.12999999999999545, 0.15873333333334472, 0.16114678899080559, 0.14499999999998181, 0.13244279018471161, 0.010947993696220237, 0.005714285714276457, 0.020000000000010232], [155, 75, 109, 87, 10881, 8249, 7, 9], [0.00083870967741932548, 0.002116444444444596, 0.0014784109081725284, 0.0016666666666664575, 1.2171931824713869e-05, 1.3271904105006955e-06, 0.0008163265306109224, 0.002222222222223359]], 8]]"
2,"[[120941, 140416, 33.388731932234926, array([  1.95955381e-05,   2.23593609e+02]), [[120941, 121039, 121144, 121197, 121281, 140395, 140409, 140416], 4666.2448979591845, 19475.000003514764, array([ 0.00055926])], [[(120843, 226.095), (120998, 226.095), (121073, 226.17500000000001), (121182, 226.09999999999999), (121269, 226.09999999999999), (132150, 228.315), (140402, 226.37), (140412, 226.355), (140423, 226.355)], [0.13037028418938235, 0.13037028418938235, 0.20890061882835198, 0.13176470517026928, 0.13005989335144363, 2.1318408427701172, 0.025138461978144733, 0.0099425065966727288, 0.0099425065966727288], [98, 98, 105, 53, 84, 19114, 14, 7, 7], [0.0013303090223406363, 0.0013303090223406363, 0.0019895297031271618, 0.0024861265126465901, 0.0015483320637076623, 0.00011153295190803166, 0.001795604427010338, 0.0014203580852389613, 0.0014203580852389613]], 9, [[(120941, 225.965), (121039, 225.98), (121144, 225.965), (121197, 225.955), (121281, 225.97), (140395, 226.35), (140409, 226.35), (140416, 226.335)], [0.12999999999999545, 0.15873333333334472, 0.16114678899080559, 0.14499999999998181, 0.13244279018471161, 0.021649903053827302, 0.00950000000003115, 0.01999999999998181], [155, 75, 109, 87, 10881, 8252, 10, 11], [0.00083870967741932548, 0.002116444444444596, 0.0014784109081725284, 0.0016666666666664575, 1.2171931824713869e-05, 2.6235946502456739e-06, 0.000950000000003115, 0.0018181818181801646]], 8]]"
2,"[[120941, 140430, 62.446184420932937, array([  1.97195657e-05,   2.23578588e+02]), [[120941, 121039, 121144, 121197, 121281, 140395, 140403, 140409, 140416, 140426, 140430], 3433.0200000000004, 19489.000003704656, array([ 0.00075371])], [[(120843, 226.095), (120998, 226.095), (121073, 226.17500000000001), (121182, 226.09999999999999), (121269, 226.09999999999999), (132150, 228.315), (140399, 226.36), (140406, 226.37), (140412, 226.355), (140421, 226.36), (140428, 226.365), (140434, 226.365)], [0.1303836635083826, 0.1303836635083826, 0.20890469608318085, 0.13175526342519106, 0.13003966121195276, 2.1304710671624605, 0.012804369955006223, 0.022666332995328276, 0.0075480156012872612, 0.012370539510271783, 0.017232502550598383, 0.017232502550598383], [98, 98, 105, 53, 84, 19114, 8, 6, 7, 10, 4, 4], [0.001330445546003904, 0.001330445546003904, 0.0019895685341255317, 0.0024859483665130391, 0.0015480912049041996, 0.00011146128843583031, 0.0016005462443757779, 0.0037777221658880458, 0.0010782879430410372, 0.0012370539510271783, 0.0043081256376495958, 0.0043081256376495958]], 12, [[(120941, 225.965), (121039, 225.98), (121144, 225.965), (121197, 225.955), (121281, 225.97), (140395, 226.35), (140403, 226.36), (140409, 226.35), (140416, 226.335), (140426, 226.345), (140430, 226.345)], [0.12999999999999545, 0.15873333333334472, 0.16114678899080559, 0.14499999999998181, 0.13244279018471161, 0.010947993696220237, 0.005714285714276457, 0.01249999999996021, 0.022222222222211485, 0.018571428571448223, 0.020000000000010232], [155, 75, 109, 87, 10881, 8249, 7, 6, 9, 7, 6], [0.00083870967741932548, 0.002116444444444596, 0.0014784109081725284, 0.0016666666666664575, 1.2171931824713869e-05, 1.3271904105006955e-06, 0.0008163265306109224, 0.0020833333333267015, 0.0024691358024679427, 0.0026530612244926033, 0.0033333333333350388]], 11]]"
2,"[[120941, 143283, 33.278353650738971, array([  9.38560751e-06,   2.24830228e+02]), [[120941, 121039, 121144, 121197, 121281, 143271, 143278, 143283], 5370.9387755102025, 22342.00000098693, array([ 0.00040783])], [[(120843, 226.095), (120998, 226.095), (121073, 226.17500000000001), (121182, 226.09999999999999), (121269, 226.09999999999999), (132150, 228.315), (143274, 226.205), (143280, 226.2), (143288, 226.2)], [0.12913240335214482, 0.12913240335214482, 0.20842848278860515, 0.13240545156958206, 0.1315889037158513, 2.2444641083563113, 0.030058610370872429, 0.025002296725773476, 0.025002296725773476], [98, 98, 105, 53, 84, 21990, 7, 5, 5], [0.0013176775852259675, 0.0013176775852259675, 0.0019850331694152871, 0.0024982160673506048, 0.0015665345680458489, 0.00010206749014808146, 0.0042940871958389183, 0.0050004593451546953, 0.0050004593451546953]], 9, [[(120941, 225.965), (121039, 225.98), (121144, 225.965), (121197, 225.955), (121281, 225.97), (143271, 226.17), (143278, 226.18), (143283, 226.175)], [0.12999999999999545, 0.15873333333334472, 0.16114678899080559, 0.14499999999998181, 0.13244279018471161, 0.035569039913724509, 0.02166666666664696, 0.024999999999977263], [155, 75, 109, 87, 10881, 11124, 6, 8], [0.00083870967741932548, 0.002116444444444596, 0.0014784109081725284, 0.0016666666666664575, 1.2171931824713869e-05, 3.1975044870302507e-06, 0.0036111111111078267, 0.003124999999997158]], 8]]"
2,"[[120941, 143305, 41.944515357899654, array([  9.43947200e-06,   2.24823703e+02]), [[120941, 121039, 121144, 121197, 121281, 143271, 143278, 143283, 143305], 4798.625, 22364.00000103347, array([ 0.00042487])], [[(120843, 226.095), (120998, 226.095), (121073, 226.17500000000001), (121182, 226.09999999999999), (121269, 226.09999999999999), (132150, 228.315), (143274, 226.205), (143280, 226.2), (143294, 226.225), (143327, 226.225)], [0.12913985423213603, 0.12913985423213603, 0.20843189383234062, 0.13240299138456635, 0.13158175732078803, 2.2438708625148251, 0.02886617601345165, 0.023809539181456785, 0.048677386573473314, 0.048677386573473314], [98, 98, 105, 53, 84, 21990, 7, 5, 22, 22], [0.0013177536146136331, 0.0013177536146136331, 0.0019850656555461012, 0.0024981696487654027, 0.0015664494919141432, 0.00010204051216529446, 0.004123739430493093, 0.0047619078362913566, 0.0022126084806124231, 0.0022126084806124231]], 10, [[(120941, 225.965), (121039, 225.98), (121144, 225.965), (121197, 225.955), (121281, 225.97), (143271, 226.17), (143278, 226.18), (143283, 226.175), (143305, 226.18)], [0.12999999999999545, 0.15873333333334472, 0.16114678899080559, 0.14499999999998181, 0.13244279018471161, 0.035569039913724509, 0.02166666666664696, 0.030357142857127428, 0.044999999999987494], [155, 75, 109, 87, 10881, 11124, 6, 14, 33], [0.00083870967741932548, 0.002116444444444596, 0.0014784109081725284, 0.0016666666666664575, 1.2171931824713869e-05, 3.1975044870302507e-06, 0.0036111111111078267, 0.0021683673469376735, 0.0013636363636359847]], 9]]"
2,"[[120941, 143325, 19.112892208480858, array([  5.31041447e-06,   2.25323815e+02]), [[120941, 121039, 121144, 121197, 121281, 143325], 7026.8800000000001, 22384.00000032166, array([ 0.00034458])], [[(120843, 226.095), (120998, 226.095), (121073, 226.17500000000001), (121182, 226.09999999999999), (121269, 226.09999999999999), (132150, 228.315), (165369, 228.315)], [0.12863593292544806, 0.12863593292544806, 0.2082376518401361, 0.13265881666276869, 0.13219681060377297, 2.2894141907437415, 2.2894141907437415], [98, 98, 105, 53, 84, 22044, 22044], [0.0013126115604637557, 0.0013126115604637557, 0.0019832157318108198, 0.0025029965408069565, 0.0015737715548068212, 0.00010385656826092096, 0.00010385656826092096]], 7, [[(120941, 225.965), (121039, 225.98), (121144, 225.965), (121197, 225.955), (121281, 225.97), (143325, 226.085)], [0.12999999999999545, 0.15873333333334472, 0.16114678899080559, 0.14499999999998181, 0.13244279018471161, 2.2299999999999898], [155, 75, 109, 87, 10881, 33219], [0.00083870967741932548, 0.002116444444444596, 0.0014784109081725284, 0.0016666666666664575, 1.2171931824713869e-05, 6.7130256780757698e-05]], 6]]"
2,"[[120941, 143366, 25.683782825921423, array([  4.29207685e-06,   2.25447155e+02]), [[120941, 121039, 121144, 121197, 121281, 143354, 143366], 6111.833333333333, 22425.000000222964, array([ 0.00035372])], [[(120843, 226.095), (120998, 226.095), (121073, 226.17500000000001), (121182, 226.09999999999999), (121269, 226.09999999999999), (132150, 228.315), (143360, 226.11), (143378, 226.11)], [0.12851222799864104, 0.12851222799864104, 0.20819032223502631, 0.13272248585855095, 0.13234907517275474, 2.3006469869872603, 0.047532805518727628, 0.047532805518727628], [98, 98, 105, 53, 84, 22073, 12, 12], [0.0013113492652922555, 0.0013113492652922555, 0.0019827649736669172, 0.0025041978463877538, 0.0015755842282470802, 0.00010422901223156165, 0.0039610671265606356, 0.0039610671265606356]], 8, [[(120941, 225.965), (121039, 225.98), (121144, 225.965), (121197, 225.955), (121281, 225.97), (143354, 226.06), (143366, 226.065)], [0.12999999999999545, 0.15873333333334472, 0.16114678899080559, 0.14499999999998181, 0.13244279018471161, 0.051180196253341137, 0.045000000000015916], [155, 75, 109, 87, 10881, 11210, 18], [0.00083870967741932548, 0.002116444444444596, 0.0014784109081725284, 0.0016666666666664575, 1.2171931824713869e-05, 4.5655839655076837e-06, 0.0025000000000008843]], 7]]"
2,"[[120941, 143378, 19.11201844488393, array([  6.42079910e-06,   2.25189325e+02]), [[120941, 121039, 121144, 121197, 121281, 143378], 7043.8399999999992, 22437.000000468535, array([ 0.00034814])], [[(120843, 226.095), (120998, 226.095), (121073, 226.17500000000001), (121182, 226.09999999999999), (121269, 226.09999999999999), (132150, 228.315), (165475, 228.315)], [0.12877116880841299, 0.12877116880841299, 0.20828960887610037, 0.13258974177446703, 0.13203113225299035, 2.2771664172727242, 2.2771664172727242], [98, 98, 105, 53, 84, 22097, 22097], [0.0013139915184531938, 0.0013139915184531938, 0.0019837105607247653, 0.0025016932410276797, 0.0015717991934879802, 0.00010305319352277341, 0.00010305319352277341]], 7, [[(120941, 225.965), (121039, 225.98), (121144, 225.965), (121197, 225.955), (121281, 225.97), (143378, 226.11)], [0.12999999999999545, 0.15873333333334472, 0.16114678899080559, 0.14499999999998181, 0.13244279018471161, 2.2049999999999841], [155, 75, 109, 87, 10881, 33325], [0.00083870967741932548, 0.002116444444444596, 0.0014784109081725284, 0.0016666666666664575, 1.2171931824713869e-05, 6.6166541635408375e-05]], 6]]"
2,"[[120941, 143394, 25.705570749957374, array([  4.40047815e-06,   2.25434026e+02]), [[120941, 121039, 121144, 121197, 121281, 143366, 143394], 6114.2777777777774, 22453.000000222688, array([ 0.00034181])], [[(120843, 226.095), (120998, 226.095), (121073, 226.17500000000001), (121182, 226.09999999999999), (121269, 226.09999999999999), (132150, 228.315), (143380, 226.16), (143422, 226.16)], [0.12852515666102704, 0.12852515666102704, 0.20819512079961555, 0.13271546868102746, 0.1323326270818086, 2.2994510243094624, 0.095033654662017852, 0.095033654662017852], [98, 98, 105, 53, 84, 22085, 28, 28], [0.0013114811904186433, 0.0013114811904186433, 0.0019828106742820527, 0.002504065446811839, 0.0015753884176405784, 0.00010411822614034242, 0.0033940590950720662, 0.0033940590950720662]], 8, [[(120941, 225.965), (121039, 225.98), (121144, 225.965), (121197, 225.955), (121281, 225.97), (143366, 226.065), (143394, 226.065)], [0.12999999999999545, 0.15873333333334472, 0.16114678899080559, 0.14499999999998181, 0.13244279018471161, 0.097686553873558069, 0.09499999999999886], [155, 75, 109, 87, 10881, 11230, 42], [0.00083870967741932548, 0.002116444444444596, 0.0014784109081725284, 0.0016666666666664575, 1.2171931824713869e-05, 8.6987136129615375e-06, 0.002261904761904735]], 7]]"
2,"[[120941, 143424, 33.306134172078316, array([  4.02103257e-06,   2.25479985e+02]), [[120941, 121039, 121144, 121197, 121281, 143394, 143413, 143424], 5400.3265306122457, 22483.000000200707, array([ 0.00055833])], [[(120843, 226.095), (120998, 226.095), (121073, 226.17500000000001), (121182, 226.09999999999999), (121269, 226.09999999999999), (132150, 228.315), (143403, 226.035), (143418, 226.1), (143435, 226.1)], [0.12847787984648562, 0.12847787984648562, 0.20817630240384233, 0.1327380098537958, 0.13238818002028552, 2.3036353246372983, -0.021613354861386824, 0.043326329650085427, 0.043326329650085427], [98, 98, 105, 53, 84, 22113, 19, 11, 11], [0.0013109987739437308, 0.0013109987739437308, 0.0019826314514651651, 0.0025044907519584112, 0.0015760497621462562, 0.00010417561274532168, -0.0011375449927045697, 0.003938757240916857, 0.003938757240916857]], 9, [[(120941, 225.965), (121039, 225.98), (121144, 225.965), (121197, 225.955), (121281, 225.97), (143394, 226.065), (143413, 226.045), (143424, 226.06)], [0.12999999999999545, 0.15873333333334472, 0.16114678899080559, 0.14499999999998181, 0.13244279018471161, -0.02817648627032554, 0.03333333333338828, 0.03999999999999204], [155, 75, 109, 87, 10881, 11253, 15, 17], [0.00083870967741932548, 0.002116444444444596, 0.0014784109081725284, 0.0016666666666664575, 1.2171931824713869e-05, -2.5039088483360474e-06, 0.0022222222222258855, 0.00235294117647012]], 8]]"
2,"[[120941, 143441, 25.689120861450913, array([  4.27815557e-06,   2.25448841e+02]), [[120941, 121039, 121144, 121197, 121281, 143424, 143441], 6131.0, 22500.000000222222, array([ 0.00035357])], [[(120843, 226.095), (120998, 226.095), (121073, 226.17500000000001), (121182, 226.09999999999999), (121269, 226.09999999999999), (132150, 228.315), (143432, 226.115), (143458, 226.115)], [0.12851068481242578, 0.12851068481242578, 0.20818982314435175, 0.13272350418668566, 0.13235130465170641, 2.3008006938448773, 0.052534542652637128, 0.052534542652637128], [98, 98, 105, 53, 84, 22143, 17, 17], [0.0013113335184941407, 0.0013113335184941407, 0.0019827602204223974, 0.0025042170601261445, 0.0015756107696631716, 0.00010390645774487997, 0.0030902672148610077, 0.0030902672148610077]], 8, [[(120941, 225.965), (121039, 225.98), (121144, 225.965), (121197, 225.955), (121281, 225.97), (143424, 226.06), (143441, 226.065)], [0.12999999999999545, 0.15873333333334472, 0.16114678899080559, 0.14499999999998181, 0.13244279018471161, 0.056560007090951103, 0.05000000000001137], [155, 75, 109, 87, 10881, 11282, 26], [0.00083870967741932548, 0.002116444444444596, 0.0014784109081725284, 0.0016666666666664575, 1.2171931824713869e-05, 5.0132961434985907e-06, 0.0019230769230773603]], 7]]"
2,"[[120941, 143454, 41.930427922369795, array([  4.38912623e-06,   2.25435400e+02]), [[120941, 121039, 121144, 121197, 121281, 143424, 143441, 143449, 143454], 4832.21875, 22513.000000222095, array([ 0.00039068])], [[(120843, 226.095), (120998, 226.095), (121073, 226.17500000000001), (121182, 226.09999999999999), (121269, 226.09999999999999), (132150, 228.315), (143432, 226.115), (143445, 226.11), (143451, 226.085), (143459, 226.085)], [0.12852492687778749, 0.12852492687778749, 0.20819574241036776, 0.13271732765102229, 0.13233547366880316, 2.2995773911331696, 0.050059268978344562, 0.045002210337315773, 0.019975875579916647, 0.019975875579916647], [98, 98, 105, 53, 84, 22143, 17, 8, 5, 5], [0.0013114788456917092, 0.0013114788456917092, 0.0019828165943844549, 0.0025041005217174015, 0.0015754223055809899, 0.0001038512121723872, 0.0029446628810790919, 0.0056252762921644717, 0.003995175115983329, 0.003995175115983329]], 10, [[(120941, 225.965), (121039, 225.98), (121144, 225.965), (121197, 225.955), (121281, 225.97), (143424, 226.06), (143441, 226.065), (143449, 226.07), (143454, 226.065)], [0.12999999999999545, 0.15873333333334472, 0.16114678899080559, 0.14499999999998181, 0.13244279018471161, 0.056560007090951103, 0.04653846153848917, 0.023333333333368955, 0.020000000000010232], [155, 75, 109, 87, 10881, 11282, 13, 6, 8], [0.00083870967741932548, 0.002116444444444596, 0.0014784109081725284, 0.0016666666666664575, 1.2171931824713869e-05, 5.0132961434985907e-06, 0.0035798816568068594, 0.003888888888894826, 0.002500000000001279]], 9]]"
2,"[[120941, 143461, 51.596734685202193, array([  4.43336656e-06,   2.25430041e+02]), [[120941, 121039, 121144, 121197, 121281, 143424, 143441, 143449, 143454, 143461], 4364.6172839506171, 22520.00000024478, array([ 0.00041013])], [[(120843, 226.095), (120998, 226.095), (121073, 226.17500000000001), (121182, 226.09999999999999), (121269, 226.09999999999999), (132150, 228.315), (143432, 226.115), (143445, 226.11), (143451, 226.085), (143457, 226.08), (143468, 226.08)], [0.12853098500227134, 0.12853098500227134, 0.20819848251002782, 0.13271524555463543, 0.1323295426636264, 2.2990900810895596, 0.049072839523631728, 0.044015205758313414, 0.018988605558917016, 0.013962005359559271, 0.013962005359559271], [98, 98, 105, 53, 84, 22143, 17, 8, 5, 7, 7], [0.0013115406632884831, 0.0013115406632884831, 0.0019828426905716934, 0.0025040612368799138, 0.0015753516983765046, 0.00010382920476401389, 0.0028866376190371606, 0.0055019007197891767, 0.0037977211117834033, 0.0019945721942227529, 0.0019945721942227529]], 11, [[(120941, 225.965), (121039, 225.98), (121144, 225.965), (121197, 225.955), (121281, 225.97), (143424, 226.06), (143441, 226.065), (143449, 226.07), (143454, 226.065), (143461, 226.07)], [0.12999999999999545, 0.15873333333334472, 0.16114678899080559, 0.14499999999998181, 0.13244279018471161, 0.056560007090951103, 0.04653846153848917, 0.023333333333368955, 0.017499999999984084, 0.010000000000019327], [155, 75, 109, 87, 10881, 11282, 13, 6, 6, 11], [0.00083870967741932548, 0.002116444444444596, 0.0014784109081725284, 0.0016666666666664575, 1.2171931824713869e-05, 5.0132961434985907e-06, 0.0035798816568068594, 0.003888888888894826, 0.002916666666664014, 0.000909090909092666]], 10]]"
2,"[[158373, 171801, 15.069015828555424, array([  2.67569746e-05,   2.19720936e+02]), [[158373, 159235, 171503, 171780, 171801], 4455.5, 13428.000004825737, array([  1.45773573e-05])], [[(157511, 224.88), (158503, 224.88), (164566, 226.43000000000001), (171548, 224.42500000000001), (171790, 224.355), (171822, 224.355)], [0.91800299374682481, 0.91800299374682481, 2.3057754567123538, 0.11395826001523801, 0.037483072160625852, 0.037483072160625852], [862, 862, 12268, 277, 21, 21], [0.0010649686702399359, 0.0010649686702399359, 0.00018795039588460661, 0.00041140166070483035, 0.0017849081981250407, 0.0017849081981250407]], 6, [[(158373, 223.96), (159235, 223.98), (171503, 224.31), (171780, 224.315), (171801, 224.32)], [0.91999999999998749, 1.0871350816427707, 0.12792251503867647, 0.042892561983478572, 0.03499999999999659], [992, 6063, 6982, 242, 32], [0.00092741935483869702, 0.00017930646241840189, 1.8321758097776635e-05, 0.00017724199166726682, 0.0010937499999998934]], 5]]"
1,"[[168702, 176094, 25.997655356244813, array([ -4.18566599e-05,   2.33241121e+02]), [[168702, 168778, 168852, 176055, 176065, 176082, 176094], 1990.3333333333333, 7392.000006292275, array([], dtype=float64)], [[(168626, 225.97), (168746, 225.97), (168810, 225.94), (169249, 225.625), (176060, 225.82), (176073, 225.86), (176088, 225.84), (176106, 225.84)], [0.2079767056850983, 0.2079767056850983, 0.23529787945415137, 0.53192280577633255, 0.051837095480891549, 0.011292958902714645, 0.030665109004843316, 0.030665109004843316], [76, 76, 74, 7203, 10, 17, 12, 12], [0.0027365356011197143, 0.0027365356011197143, 0.0031797010737047481, 7.3847397719885129e-05, 0.0051837095480891547, 0.00066429170015968502, 0.0025554257504036095, 0.0025554257504036095]], 8, [[(168702, 226.18), (168778, 226.18), (168852, 226.17), (176055, 225.87), (176065, 225.86), (176082, 225.88), (176094, 225.875)], [0.21000000000000796, 0.22500000000002274, 0.26013667425968379, 0.050143150785487478, 0.02461538461540158, 0.03200000000003911, 0.03499999999999659], [120, 64, 439, 6811, 13, 15, 18], [0.0017500000000000664, 0.0035156250000003553, 0.00059256645617240041, 7.3620835098351902e-06, 0.0018934911242616602, 0.0021333333333359407, 0.0019444444444442549]], 7]]"
1,"[[223643, 231175, 26.35467925910708, array([ -1.57899265e-05,   2.28441747e+02]), [[223643, 230900, 231144, 231151, 231162, 231170, 231175], 2000.5555555555559, 7532.000000955922, array([], dtype=float64)], [[(216386, 224.535), (223906, 224.535), (230965, 224.59), (231147, 224.755), (231156, 224.745), (231166, 224.76), (231172, 224.765), (231180, 224.765)], [0.37128774415654675, 0.37128774415654675, 0.20482665302313308, 0.036952886400939633, 0.046810777062461284, 0.031652877797512247, 0.026558138238556239, 0.026558138238556239], [7257, 7257, 244, 7, 11, 8, 5, 5], [5.1162704169291273e-05, 5.1162704169291273e-05, 0.00083945349599644703, 0.0052789837715628051, 0.0042555251874964806, 0.0039566097246890308, 0.0053116276477112477, 0.0053116276477112477]], 8, [[(223643, 224.91), (230900, 224.81), (231144, 224.78), (231151, 224.78), (231162, 224.795), (231170, 224.8), (231175, 224.79)], [0.375, 0.22050644567218569, 0.027719780219797485, 0.029444444444493456, 0.040999999999968395, 0.03666666666669016, 0.025000000000005684], [7520, 7059, 182, 9, 10, 6, 8], [4.9867021276595742e-05, 3.1237632196088068e-05, 0.00015230648472416201, 0.0032716049382770507, 0.00409999999999684, 0.006111111111115027, 0.0031250000000007105]], 7]]"
1,"[[239341, 245100, 25.912723668483828, array([ -5.09227856e-05,   2.39360409e+02]), [[239341, 239441, 245068, 245074, 245086, 245095, 245100], 1555.7222222222224, 5759.0000070520055, array([], dtype=float64)], [[(239241, 226.93000000000001), (239374, 226.93000000000001), (239556, 226.625), (245071, 226.88), (245080, 226.835), (245090, 226.855), (245097, 226.86), (245105, 226.86)], [0.24081852454423824, 0.24081852454423824, 0.53655057756591873, 0.00071141500848170836, 0.045253109938101943, 0.024743882082162827, 0.019387422582980207, 0.019387422582980207], [100, 100, 5627, 6, 12, 9, 5, 5], [0.0024081852454423823, 0.0024081852454423823, 9.5352866103770874e-05, 0.00011856916808028473, 0.0037710924948418287, 0.0027493202313514254, 0.0038774845165960416, 0.0038774845165960416]], 8, [[(239341, 227.165), (239441, 227.175), (245068, 226.89), (245074, 226.875), (245086, 226.89), (245095, 226.865), (245100, 226.88)], [0.23499999999998522, 0.35728021978025026, 0.010138712601985844, 0.009999999999990905, 0.043000000000006366, 0.006428571428557461, 0.01999999999998181], [133, 182, 5515, 9, 10, 7, 8], [0.0017669172932329716, 0.0019630781306607158, 1.838388504439863e-06, 0.0011111111111101006, 0.004300000000000637, 0.0009183673469367802, 0.0024999999999977263]], 7]]"
1,"[[239341, 245111, 33.639311147805337, array([ -5.20497079e-05,   2.39630199e+02]), [[239341, 239441, 245068, 245074, 245091, 245095, 245100, 245111], 1372.2040816326532, 5770.000007541162, array([], dtype=float64)], [[(239241, 226.93000000000001), (239374, 226.93000000000001), (239556, 226.625), (245071, 226.88), (245082, 226.85), (245093, 226.845), (245097, 226.86), (245105, 226.835), (245122, 226.835)], [0.24085180299408648, 0.24085180299408648, 0.53637875614856512, -0.0056753831536013877, 0.023752070059032349, 0.0281795232716604, 0.012971324439860155, 0.037554926776351749, 0.037554926776351749], [100, 100, 5627, 6, 17, 4, 5, 11, 11], [0.002408518029940865, 0.002408518029940865, 9.5322330930969456e-05, -0.00094589719226689795, 0.0013971805917077852, 0.0070448808179151001, 0.0025942648879720307, 0.0034140842523956135, 0.0034140842523956135]], 9, [[(239341, 227.165), (239441, 227.175), (245068, 226.89), (245074, 226.875), (245091, 226.86), (245095, 226.865), (245100, 226.88), (245111, 226.87)], [0.23499999999998522, 0.35728021978025026, 0.010138712601985844, 0.003181818181815288, 0.014090909090896275, 0.012500000000045475, 0.029374999999959073, 0.03499999999999659], [133, 182, 5515, 11, 11, 4, 8, 17], [0.0017669172932329716, 0.0019630781306607158, 1.838388504439863e-06, 0.00028925619834684437, 0.001280991735536025, 0.0031250000000113687, 0.003671874999994884, 0.002058823529411564]], 8]]"
1,"[[239341, 245127, 33.587726617828729, array([ -5.26162939e-05,   2.39765789e+02]), [[239341, 239441, 245091, 245095, 245100, 245111, 245115, 245127], 1378.1224489795918, 5786.000007777394, array([], dtype=float64)], [[(239241, 226.93000000000001), (239374, 226.93000000000001), (239556, 226.625), (245093, 226.845), (245097, 226.86), (245105, 226.835), (245113, 226.845), (245121, 226.825), (245139, 226.825)], [0.2408157976954044, 0.2408157976954044, 0.53623963221153303, 0.024903213067290153, 0.0096927478917905319, 0.034271817540854954, 0.023850887189922787, 0.043429956838991757, 0.043429956838991757], [100, 100, 5650, 4, 5, 11, 4, 12, 12], [0.0024081579769540439, 0.0024081579769540439, 9.4909669417970446e-05, 0.0062258032668225383, 0.0019385495783581063, 0.0031156197764413596, 0.0059627217974806968, 0.0036191630699159796, 0.0036191630699159796]], 9, [[(239341, 227.165), (239441, 227.175), (245091, 226.86), (245095, 226.865), (245100, 226.88), (245111, 226.87), (245115, 226.875), (245127, 226.865)], [0.23499999999998522, 0.35728021978025026, 0.015079465414487458, 0.012500000000045475, 0.029374999999959073, 0.027500000000060254, 0.03499999999996817, 0.040000000000020464], [133, 182, 5537, 4, 8, 8, 8, 18], [0.0017669172932329716, 0.0019630781306607158, 2.7233999303751958e-06, 0.0031250000000113687, 0.003671874999994884, 0.0034375000000075318, 0.004374999999996021, 0.002222222222223359]], 8]]"
1,"[[239341, 245452, 19.967108129629569, array([ -7.88233963e-06,   2.29056849e+02]), [[239341, 239441, 245254, 245435, 245442, 245452], 1836.3200000000002, 6111.000000100229, array([], dtype=float64)], [[(239241, 226.93000000000001), (239374, 226.93000000000001), (245081, 226.82499999999999), (245344, 226.99), (245438, 227.115), (245447, 227.11), (245462, 227.11)], [0.24002165235626194, 0.24002165235626194, 0.30003714010632621, 0.13296408478447574, 0.0072231448595516667, 0.012152203802912709, 0.012152203802912709], [100, 100, 5813, 181, 7, 10, 10], [0.0024002165235626192, 0.0024002165235626192, 5.1614852934169308e-05, 0.0007346082032291478, 0.0010318778370788095, 0.0012152203802912708, 0.0012152203802912708]], 7, [[(239341, 227.165), (239441, 227.175), (245254, 227.12), (245435, 227.115), (245442, 227.125), (245452, 227.13)], [0.23499999999998522, 0.24623269668828129, 0.18646387832700384, 0.0039893617021107275, 0.012222222222192158, 0.01999999999998181], [133, 5707, 263, 94, 9, 15], [0.0017669172932329716, 4.3145732729679565e-05, 0.0007089881305209271, 4.244001810756093e-05, 0.0013580246913546842, 0.0013333333333321207]], 6]]"
1,"[[302851, 311118, 19.319635725811235, array([ -4.72189670e-04,   3.68023091e+02]), [[302851, 310923, 310972, 311108, 311113, 311118], 2567.4399999999996, 8267.000924646132, array([], dtype=float64)], [[(294779, 224.5), (303065, 224.5), (310954, 221.09), (311025, 221.005), (311110, 221.095), (311115, 221.07), (311123, 221.07)], [0.41892816142888023, 0.41892816142888023, 0.10382385123682525, 0.15529838463476153, 0.025162262646375666, 0.04780131429413359, 0.04780131429413359], [8072, 8072, 49, 136, 5, 5, 5], [5.1898929810317177e-05, 5.1898929810317177e-05, 0.0021188541068739848, 0.0011418998870203053, 0.005032452529275133, 0.009560262858826718, 0.009560262858826718]], 7, [[(302851, 225.02), (310923, 221.2), (310972, 221.195), (311108, 221.125), (311113, 221.12), (311118, 221.11)], [0.52000000000001023, 0.09660032957282283, 0.1265492957746801, 0.032117647058839793, 0.03999999999996362, 0.040000000000020464], [8286, 7889, 71, 85, 5, 8], [6.2756456673909036e-05, 1.2244939735431973e-05, 0.0017823844475307058, 0.00037785467128046817, 0.007999999999992725, 0.005000000000002558]], 6]]"
1,"[[302451, 311830, 19.324333691325297, array([ -4.49052313e-04,   3.61616536e+02]), [[302451, 311607, 311793, 311802, 311824, 311830], 2912.0799999999995, 9379.000942639093, array([], dtype=float64)], [[(293295, 224.78999999999999), (302834, 224.78999999999999), (311633, 221.34), (311797, 221.535), (311813, 221.56), (311827, 221.57), (311836, 221.57)], [0.83822743996702798, 0.83822743996702798, 0.33701613451103185, 0.068371555116243599, 0.036186718102129589, 0.019899985714772583, 0.019899985714772583], [9156, 9156, 186, 9, 22, 6, 6], [9.1549523805922668e-05, 9.1549523805922668e-05, 0.0018119147016722142, 0.0075968394573603997, 0.0016448508228240723, 0.0033166642857954307, 0.0033166642857954307]], 7, [[(302451, 225.8), (311607, 221.7), (311793, 221.6), (311802, 221.59), (311824, 221.59), (311830, 221.595)], [1.0100000000000193, 0.34980565973404509, 0.06975609756096901, 0.047187500000063665, 0.022142857142881667, 0.025000000000005684], [9539, 8799, 164, 16, 14, 9], [0.00010588111961421735, 3.9755160783503253e-05, 0.00042534205829859153, 0.002949218750003979, 0.0015816326530629762, 0.0027777777777784093]], 6]]"
1,"[[302005, 312357, 19.895959490459305, array([ -2.64187699e-04,   3.05699405e+02]), [[302005, 302354, 302451, 312326, 312353, 312357], 3121.8400000000001, 10352.000362615912, array([], dtype=float64)], [[(301656, 225.49000000000001), (302265, 225.49000000000001), (302406, 225.50999999999999), (302834, 224.78999999999999), (312339, 223.085), (312355, 223.15), (312361, 223.15)], [0.35471050451428709, 0.35471050451428709, 0.2974600389266584, 0.90438770366779409, 0.098283622743480237, 0.02905661955622918, 0.02905661955622918], [349, 349, 97, 9875, 27, 4, 4], [0.0010163624771183011, 0.0010163624771183011, 0.0030665983394500868, 9.1583564928384217e-05, 0.0036401341756844533, 0.0072641548890572949, 0.0072641548890572949]], 7, [[(302005, 225.92), (302354, 225.81), (302451, 225.8), (312326, 223.18), (312353, 223.185), (312357, 223.18)], [0.4299999999999784, 0.30737588652482373, 0.3657009345795359, 0.092668069437138456, 0.043124999999918145, 0.030000000000001137], [609, 141, 428, 9505, 16, 6], [0.00070607553366170512, 0.0021799708264171897, 0.00085444143593349509, 9.7494023605616467e-06, 0.002695312499994884, 0.005000000000000189]], 6]]"
1,"[[302005, 312389, 19.904923260993453, array([ -2.64301687e-04,   3.05733877e+02]), [[302005, 302354, 302451, 312353, 312357, 312389], 3130.0799999999995, 10384.000366795062, array([], dtype=float64)], [[(301656, 225.49000000000001), (302265, 225.49000000000001), (302406, 225.50999999999999), (302834, 224.78999999999999), (312355, 223.15), (312373, 223.135), (312421, 223.135)], [0.35472714230172642, 0.35472714230172642, 0.29746060440845667, 0.90433948229258476, 0.027923118589143314, 0.038165688219805816, 0.038165688219805816], [349, 349, 97, 9902, 4, 32, 32], [0.0010164101498616803, 0.0010164101498616803, 0.0030666041691593472, 9.1328972156391104e-05, 0.0069807796472858286, 0.0011926777568689317, 0.0011926777568689317]], 7, [[(302005, 225.92), (302354, 225.81), (302451, 225.8), (312353, 223.185), (312357, 223.18), (312389, 223.16)], [0.4299999999999784, 0.30737588652482373, 0.3657009345795359, 0.034655498372046623, 0.03166666666669471, 0.025000000000005684], [609, 141, 428, 9521, 18, 48], [0.00070607553366170512, 0.0021799708264171897, 0.00085444143593349509, 3.6399010998893629e-06, 0.0017592592592608172, 0.0005208333333334517]], 6]]"
2,"[[306541, 326009, 25.640959299073788, array([  9.98535785e-05,   1.88510692e+02]), [[306541, 325730, 325987, 325993, 326000, 326004, 326009], 5314.7777777777783, 19468.000097660264, array([ 0.00027347])], [[(287352, 223.44999999999999), (312311, 223.44999999999999), (325843, 221.24000000000001), (325990, 221.06), (325996, 221.06), (326002, 221.095), (326006, 221.085), (326014, 221.085)], [3.7539370329683663, 3.7539370329683663, 0.19271840809292939, -0.0019600679532345566, -0.0025591894245167168, 0.031841689104197712, 0.021442274790047122, 0.021442274790047122], [19189, 19189, 257, 6, 7, 4, 5, 5], [0.0001956296332778345, 0.0001956296332778345, 0.00074987707429155406, -0.00032667799220575944, -0.00036559848921667381, 0.0079604222760494281, 0.0042884549580094241, 0.0042884549580094241]], 8, [[(306541, 219.12), (325730, 221.03), (325987, 221.06), (325993, 221.055), (326000, 221.06), (326004, 221.075), (326009, 221.07)], [4.3299999999999841, 0.22845477386934476, 0.0036734693878202052, 0.0049999999999954525, 0.02333333333325527, 0.014999999999929514, 0.01500000000001478], [24959, 13532, 147, 6, 6, 4, 8], [0.00017348451460394985, 1.6882557927087257e-05, 2.4989587672246292e-05, 0.0008333333333325754, 0.003888888888875878, 0.0037499999999823785, 0.0018750000000018474]], 7]]"
2,"[[306430, 326064, 19.15736488933177, array([  1.14193519e-04,   1.83852522e+02]), [[306430, 325730, 325808, 326052, 326058, 326064], 6149.2799999999997, 19634.000127778345, array([ 0.00072828])], [[(287130, 223.44999999999999), (312311, 223.44999999999999), (325776, 221.15000000000001), (325843, 221.24000000000001), (326055, 221.125), (326061, 221.105), (326070, 221.105)], [3.9335859330611243, 3.9335859330611243, 0.095970197753757702, 0.17831923197093147, 0.039110205911867979, 0.018425044796970269, 0.018425044796970269], [19300, 19300, 78, 244, 6, 6, 6], [0.00020381274264565411, 0.00020381274264565411, 0.0012303871506892012, 0.00073081652447103064, 0.0065183676519779965, 0.0030708407994950448, 0.0030708407994950448]], 7, [[(306430, 218.845), (325730, 221.03), (325808, 221.07), (326052, 221.08), (326058, 221.1), (326064, 221.085)], [4.6049999999999898, 0.12785740809508184, 0.12298507462688235, 0.046627358490553661, 0.01500000000001478, 0.01999999999998181], [25181, 13465, 67, 212, 6, 9], [0.0001828759779198598, 9.495537177503293e-06, 0.0018355981287594381, 0.00021994037023846067, 0.0025000000000024634, 0.0022222222222202013]], 6]]"
2,"[[336268, 365696, 19.859272826796573, array([  6.12506679e-05,   1.99590259e+02]), [[336268, 337021, 365134, 365350, 365666, 365696], 8890.9599999999991, 29428.00005535587, array([ 0.00028942])], [[(335515, 220.71000000000001), (336554, 220.71000000000001), (357680, 224.10499999999999), (365230, 222.22999999999999), (365390, 222.11000000000001), (365681, 222.01), (365726, 222.01)], [0.50558351670215984, 0.50558351670215984, 2.6066019066383603, 0.26915936399038287, 0.13935925712632979, 0.021535312767298365, 0.021535312767298365], [753, 753, 28113, 216, 316, 30, 30], [0.00067142565299091613, 0.00067142565299091613, 9.2718738897960384e-05, 0.0012461081666221428, 0.00044101030736180314, 0.00071784375890994554, 0.00071784375890994554]], 7, [[(336268, 220.18), (337021, 220.24), (365134, 221.965), (365350, 221.96), (365666, 221.99), (365696, 221.985)], [0.53000000000000114, 0.54504804506296978, 0.28884105960261763, 0.1799999999999784, 0.025154639175269722, 0.024999999999977263], [1039, 21126, 7550, 160, 291, 45], [0.00051010587102983751, 2.5799869594952654e-05, 3.8257093987101674e-05, 0.001124999999999865, 8.6442059021545433e-05, 0.0005555555555550503]], 6]]"
1,"[[359653, 375869, 25.822961487044545, array([ -6.84744469e-05,   2.48221990e+02]), [[359653, 359795, 375685, 375837, 375849, 375857, 375869], 4395.7777777777783, 16216.000037308831, array([], dtype=float64)], [[(359511, 223.38999999999999), (359728, 223.38999999999999), (359897, 223.20500000000001), (375761, 222.465), (375843, 222.465), (375853, 222.46), (375863, 222.43), (375881, 222.43)], [0.19981439738660356, 0.19981439738660356, 0.37324221585407713, 0.026963589631549212, 0.021348684982655186, 0.025663940513254602, 0.054979196043888123, 0.054979196043888123], [142, 142, 15890, 152, 12, 8, 12, 12], [0.0014071436435676306, 0.0014071436435676306, 2.3489126233736759e-05, 0.00017739203704966586, 0.0017790570818879321, 0.0032079925641568252, 0.0045815996703240103, 0.0045815996703240103]], 8, [[(359653, 223.59), (359795, 223.59), (375685, 222.52), (375837, 222.475), (375849, 222.475), (375857, 222.48), (375869, 222.49)], [0.20000000000001705, 0.27334319526630679, 0.051454866364110785, 0.009999999999990905, 0.013000000000033651, 0.03199999999992542, 0.060000000000002274], [217, 169, 15864, 82, 10, 10, 18], [0.00092165898617519381, 0.0016174153566053655, 3.2434988883075383e-06, 0.00012195121951208421, 0.001300000000003365, 0.003199999999992542, 0.0033333333333334597]], 7]]"
