2,"[[20543, 45178, 20.029269745867616, array([  1.62079005e-04,   2.17615543e+02]), [[20543, 31307, 45160, 45173, 45178], 6149.75, 24635.000323929875, array([ 0.00039565])], [[(9779, 223.815), (29347, 223.815), (42950, 225.96000000000001), (45166, 224.98), (45175, 224.985), (45183, 224.985)], [1.4429243343718099, 1.4429243343718099, 1.3831636244249523, 0.043996548541514358, 0.047537837493280222, 0.047537837493280222], [10764, 10764, 13853, 13, 5, 5], [0.00013405094150611388, 0.00013405094150611388, 9.9845782460474428e-05, 0.0033843498878087966, 0.009507567498656045, 0.009507567498656045]], 6, [[(20543, 220.945), (31307, 222.69), (45160, 224.92), (45173, 224.95), (45178, 224.94)], [2.8700000000000045, 1.4340641770197919, 0.062653429602903543, 0.033888888888924384, 0.045000000000015916], [19568, 13603, 2216, 9, 8], [0.00014666802943581381, 0.000105422640374902, 2.827320830455936e-05, 0.003765432098769376, 0.0056250000000019895]], 5]]"
2,"[[73857, 80242, 30.957578628888594, array([  4.31129829e-04,   1.93271697e+02]), [[73857, 76911, 78036, 80237, 80242], 1031.25, 6385.000592208273, array([ 0.0002214])], [[(70803, 226.84), (76543, 226.84), (77710, 227.38999999999999), (80044, 228.25), (80239, 227.895), (80247, 227.895)], [0.56833214305149227, 0.56833214305149227, 0.61520363289520219, 0.46894661258264136, 0.029876295975554967, 0.029876295975554967], [3054, 3054, 1125, 2201, 5, 5], [0.0001860943493947257, 0.0001860943493947257, 0.00054684767368462419, 0.00021306070539874665, 0.0059752591951109935, 0.0059752591951109935]], 6, [[(73857, 225.12), (76911, 226.425), (78036, 226.905), (80237, 227.87), (80242, 227.87)], [1.7199999999999989, 0.58843616109680852, 0.60511996572407156, 0.0286410256410079, 0.025000000000005684], [5740, 1167, 2334, 195, 8], [0.00029965156794425066, 0.00050422978671534578, 0.00025926305300945655, 0.00014687705456927129, 0.0031250000000007105]], 5]]"
2,"[[74705, 80517, 47.435681910979689, array([  3.96431758e-04,   1.95951686e+02]), [[74705, 76911, 78036, 80184, 80502, 80509, 80517], 857.66666666666686, 5812.000455092893, array([ 0.00062049])], [[(72499, 226.84), (76543, 226.84), (77710, 227.38999999999999), (80044, 228.25), (80375, 228.11500000000001), (80505, 227.885), (80513, 227.885), (80525, 227.885)], [0.54423820657851252, 0.54423820657851252, 0.63160234527018133, 0.56633062265359513, 0.30011171083435784, 0.018575582325269124, 0.015404128263185157, 0.015404128263185157], [2206, 2206, 1125, 2148, 318, 7, 8, 8], [0.00024670816254692318, 0.00024670816254692318, 0.0005614243069068279, 0.00026365485225958804, 0.00094374751834703726, 0.0026536546178955894, 0.0019255160328981447, 0.0019255160328981447]], 8, [[(74705, 225.57), (76911, 226.425), (78036, 226.905), (80184, 227.74), (80502, 227.86), (80509, 227.87), (80517, 227.87)], [1.2700000000000102, 0.58843616109680852, 0.60511996572407156, 0.4529003021148128, 0.030307692307701473, 0.014999999999986358, 0.014999999999986358], [4044, 1167, 2334, 331, 130, 8, 12], [0.0003140454995054427, 0.00050422978671534578, 0.00025926305300945655, 0.0013682788583529088, 0.00023313609467462673, 0.0018749999999982947, 0.0012499999999988631]], 7]]"
2,"[[74705, 80529, 20.696518964313295, array([  3.86170201e-04,   1.96722222e+02]), [[74705, 76911, 80431, 80525, 80529], 1407.0, 5824.0004365577615, array([ 0.00022109])], [[(72499, 226.84), (76543, 226.84), (80044, 228.25), (80478, 227.91), (80527, 227.835), (80533, 227.835)], [0.55915274091404399, 0.55915274091404399, 0.61717086822972078, 0.10957300112173129, 0.015650661286969125, 0.015650661286969125], [2206, 2206, 3520, 94, 4, 4], [0.00025346905753129828, 0.00025346905753129828, 0.00017533263301980703, 0.0011656702246992691, 0.0039126653217422813, 0.0039126653217422813]], 6, [[(74705, 225.57), (76911, 226.425), (80431, 227.77), (80525, 227.825), (80529, 227.825)], [1.2700000000000102, 0.56320908311911921, 0.17682027649766496, 0.013061224489774759, 0.010000000000019327], [4044, 3501, 434, 49, 6], [0.0003140454995054427, 0.00016087091777181354, 0.0004074199919301036, 0.0002665556018321379, 0.0016666666666698877]], 5]]"
2,"[[74705, 80566, 32.627288830459392, array([  3.87764205e-04,   1.96601676e+02]), [[74705, 76911, 80431, 80529, 80537, 80558, 80566], 1257.4444444444441, 5861.000439592203, array([ 0.00072339])], [[(72499, 226.84), (76543, 226.84), (80044, 228.25), (80480, 227.905), (80533, 227.855), (80547, 227.89), (80562, 227.865), (80574, 227.865)], [0.55768869633592999, 0.55768869633592999, 0.61012621634554876, 0.096061023179089489, 0.025509520340051495, 0.055080821476906294, 0.024264358409254783, 0.024264358409254783], [2206, 2206, 3520, 98, 8, 21, 8, 8], [0.00025280539271800996, 0.00025280539271800996, 0.00017333131146180363, 0.00098021452223560706, 0.0031886900425064368, 0.0026228962608050616, 0.0030330448011568478, 0.0030330448011568478]], 8, [[(74705, 225.57), (76911, 226.425), (80431, 227.77), (80529, 227.825), (80537, 227.845), (80558, 227.85), (80566, 227.84)], [1.2700000000000102, 0.56320908311911921, 0.173772935779823, 0.03377358490564575, 0.01999999999998181, 0.021666666666675383, 0.025000000000005684], [4044, 3501, 436, 53, 14, 15, 12], [0.0003140454995054427, 0.00016087091777181354, 0.00039856177931152066, 0.0006372374510499198, 0.0014285714285701293, 0.0014444444444450255, 0.002083333333333807]], 7]]"
2,"[[69797, 84278, 23.049619742257594, array([  2.44989160e-04,   2.06474776e+02]), [[69797, 69946, 82266, 84244, 84271, 84278], 3769.5200000000004, 14481.000435139142, array([ 0.0002105])], [[(69648, 223.88999999999999), (69835, 223.88999999999999), (80044, 228.25), (83577, 227.94999999999999), (84257, 227.175), (84274, 227.15), (84285, 227.15)], [0.30640587329244795, 0.30640587329244795, 2.1653115342716092, 0.99976483040629205, 0.058172201301204041, 0.029007385573578404, 0.029007385573578404], [149, 149, 12320, 1978, 27, 7, 7], [0.0020564152569962951, 0.0020564152569962951, 0.00017575580635321503, 0.0005054422802862953, 0.0021545259741186681, 0.0041439122247969151, 0.0041439122247969151]], 7, [[(69797, 223.57), (69946, 223.615), (82266, 226.63), (84244, 227.105), (84271, 227.13), (84278, 227.12)], [0.31999999999999318, 0.32240523067881099, 1.4313218228134872, 0.08481617647058215, 0.024411764705888572, 0.030000000000001137], [187, 10209, 3533, 680, 17, 11], [0.0017112299465240277, 3.1580490809953083e-05, 0.00040512930167378638, 0.00012472967128026785, 0.001435986159169916, 0.0027272727272728307]], 6]]"
2,"[[86816, 92899, 22.318841073822757, array([  2.12106730e-04,   2.08099474e+02]), [[86816, 89471, 92583, 92873, 92899], 1362.75, 6083.000134670392, array([ 0.00026327])], [[(84161, 227.75999999999999), (88136, 227.75999999999999), (91369, 228.44999999999999), (92732, 227.98500000000001), (92886, 227.86), (92925, 227.86)], [0.96628683414519401, 0.96628683414519401, 0.97054577455784852, 0.21644430093658684, 0.05877986444525618, 0.05877986444525618], [2655, 2655, 3112, 290, 26, 26], [0.00036394984336918793, 0.00036394984336918793, 0.00031187203552630096, 0.00074635965840202359, 0.0022607640171252376, 0.0022607640171252376]], 6, [[(86816, 226.52), (89471, 227.065), (92583, 227.745), (92873, 227.8), (92899, 227.8)], [1.2399999999999807, 0.97992112588926261, 0.29083272193690846, 0.07055194805195697, 0.060000000000002274], [3975, 3233, 1363, 154, 39], [0.00031194968553458635, 0.00030309963683552819, 0.00021337690530954398, 0.00045812953280491541, 0.0015384615384615968]], 5]]"
2,"[[75428, 96815, 16.499450333296025, array([  2.70058581e-05,   2.24151840e+02]), [[75428, 75465, 76035, 94344, 96815], 6481.125, 21387.000008276642, array([ 0.0006405])], [[(75391, 226.29499999999999), (75451, 226.29499999999999), (75796, 226.70500000000001), (91369, 228.44999999999999), (95908, 227.44), (99286, 227.44)], [0.10554063979904527, 0.10554063979904527, 0.50622361874565058, 1.8306613901515334, 0.69808180011824561, 0.69808180011824561], [37, 37, 570, 18309, 2471, 2471], [0.0028524497242985209, 0.0028524497242985209, 0.00088811161183447471, 9.9986967619833598e-05, 0.00028250983412312649, 0.00028250983412312649]], 6, [[(75428, 226.175), (75465, 226.185), (76035, 226.225), (94344, 226.695), (96815, 226.77)], [0.11999999999997613, 0.12663768115939433, 0.50678064598986339, 1.0930149812734271, 0.66999999999998749], [60, 345, 15573, 4539, 3378], [0.0019999999999996019, 0.00036706574249099807, 3.2542261991258164e-05, 0.00024080523931998836, 0.00019834221432800105]], 5]]"
1,"[[92732, 99996, 20.819719423021635, array([ -1.71051375e-04,   2.43840671e+02]), [[92732, 92790, 95908, 99911, 99996], 1744.5, 7264.000106692249, array([], dtype=float64)], [[(92674, 227.83000000000001), (92757, 227.83000000000001), (93064, 227.34999999999999), (96144, 227.08000000000001), (99953, 226.61), (100081, 226.61)], [0.14445874567545047, 0.14445874567545047, 0.57194597364880906, 0.3151077396354367, 0.13357305348063164, 0.13357305348063164], [58, 58, 3118, 4003, 85, 85], [0.0024906680288870773, 0.0024906680288870773, 0.00018343360283797595, 7.8717896486494305e-05, 0.0015714476880074311, 0.0015714476880074311]], 6, [[(92732, 227.985), (92790, 227.96), (95908, 227.44), (99911, 226.745), (99996, 226.74)], [0.15500000000000114, 0.18159609120522191, 0.33931168831168179, 0.12981753741138391, 0.12999999999999545], [83, 307, 3080, 3809, 128], [0.001867469879518086, 0.00059151821239485959, 0.00011016613256872785, 3.4081789816588055e-05, 0.0010156249999999645]], 5]]"
1,"[[92732, 100032, 41.771524289331509, array([ -1.71809086e-04,   2.43911384e+02]), [[92732, 92790, 95908, 99769, 99911, 99996, 100026, 100032], 1398.0816326530614, 7300.000109604452, array([], dtype=float64)], [[(92674, 227.83000000000001), (92757, 227.83000000000001), (93064, 227.34999999999999), (96144, 227.08000000000001), (99850, 226.55500000000001), (99953, 226.61), (100011, 226.76), (100029, 226.72), (100038, 226.72)], [0.14488871929660263, 0.14488871929660263, 0.57214332974479021, 0.31297134336173826, 0.20124686883721665, 0.12855053292895491, -0.03141439408733504, 0.0054930423558801067, 0.0054930423558801067], [58, 58, 3118, 3861, 142, 85, 30, 6, 6], [0.0024980813671828038, 0.0024980813671828038, 0.00018349689857113219, 8.1059658990349198e-05, 0.0014172314706846242, 0.0015123592109288814, -0.0010471464695778346, 0.00091550705931335108, 0.00091550705931335108]], 9, [[(92732, 227.985), (92790, 227.96), (95908, 227.44), (99769, 226.76), (99911, 226.745), (99996, 226.74), (100026, 226.73), (100032, 226.72)], [0.15500000000000114, 0.18159609120522191, 0.33931168831168179, 0.19352536427413725, 0.15742718446600179, 0.01879310344827445, 0.0033333333333303017, 0.0], [83, 307, 3080, 3706, 103, 58, 18, 9], [0.001867469879518086, 0.00059151821239485959, 0.00011016613256872785, 5.2219472281202708e-05, 0.0015284192666602115, 0.00032401902497024916, 0.00018518518518501677, 0.0]], 8]]"
1,"[[92732, 100038, 41.820508205508887, array([ -1.72198262e-04,   2.43947789e+02]), [[92732, 92790, 95908, 99769, 99911, 100026, 100032, 100038], 1397.5918367346942, 7306.00010951444, array([], dtype=float64)], [[(92674, 227.83000000000001), (92757, 227.83000000000001), (93064, 227.34999999999999), (96144, 227.08000000000001), (99850, 226.55500000000001), (99968, 226.66), (100029, 226.72), (100035, 226.7), (100044, 226.7)], [0.14519524455428723, 0.14519524455428723, 0.57233037812707721, 0.31195973123516296, 0.19879297234510318, 0.073473577431713011, 0.0029694834510678447, 0.021936293879207369, 0.021936293879207369], [58, 58, 3118, 3861, 142, 115, 6, 6, 6], [0.0025033662854187454, 0.0025033662854187454, 0.0001835568884307496, 8.079765118755839e-05, 0.0013999505094725575, 0.00063890067331924354, 0.00049491390851130745, 0.003656048979867895, 0.003656048979867895]], 9, [[(92732, 227.985), (92790, 227.96), (95908, 227.44), (99769, 226.76), (99911, 226.745), (100026, 226.73), (100032, 226.72), (100038, 226.72)], [0.15500000000000114, 0.18159609120522191, 0.33931168831168179, 0.19352536427413725, 0.1357203389830488, 0.012950819672141733, 0.009999999999990905, 0.020000000000010232], [83, 307, 3080, 3706, 118, 61, 6, 9], [0.001867469879518086, 0.00059151821239485959, 0.00011016613256872785, 5.2219472281202708e-05, 0.0011501723642631254, 0.00021230851921543825, 0.0016666666666651508, 0.002222222222223359]], 8]]"
1,"[[110471, 121394, 30.752843628824838, array([ -6.06374536e-05,   2.33646334e+02]), [[110471, 111040, 116898, 120737, 121386, 121394], 2131.1199999999999, 10923.000019043531, array([], dtype=float64)], [[(109902, 226.66), (110608, 226.66), (111271, 226.59), (117106, 226.08000000000001), (120866, 225.99000000000001), (121390, 226.275), (121402, 226.275)], [0.27934674150847627, 0.27934674150847627, 0.3091441097690506, 0.4653245679902227, 0.327327742439536, 0.010553716751076081, 0.010553716751076081], [569, 569, 5858, 3839, 649, 8, 8], [0.00049094330669327991, 0.00049094330669327991, 5.277297879294138e-05, 0.00012120983797609343, 0.00050435707617802156, 0.0013192145938845101, 0.0013192145938845101]], 7, [[(110471, 226.94), (111040, 226.925), (116898, 226.55), (120737, 226.32), (121386, 226.285), (121394, 226.295)], [0.28000000000000114, 0.31061085972851288, 0.45182005141390391, 0.32691223404253833, 0.012175572519083744, 0.01999999999998181], [706, 663, 5835, 3760, 524, 12], [0.00039660056657223958, 0.00046849300109881277, 7.7432742316007531e-05, 8.6944743096419765e-05, 2.3235825418098746e-05, 0.0016666666666651508]], 6]]"
1,"[[110005, 121447, 33.520175068083901, array([ -6.48847267e-05,   2.34145153e+02]), [[110005, 111040, 116898, 120737, 121439, 121447], 2048.0799999999999, 11442.000025573545, array([], dtype=float64)], [[(108970, 226.66), (110608, 226.66), (111271, 226.59), (117106, 226.08000000000001), (120866, 225.99000000000001), (121443, 226.24), (121455, 226.24)], [0.30838317768998991, 0.30838317768998991, 0.33536460390311618, 0.46676222374264853, 0.31279565143705668, 0.025357164144395483, 0.025357164144395483], [1035, 1035, 5858, 3839, 702, 8, 8], [0.00029795476105313036, 0.00029795476105313036, 5.7248993496605701e-05, 0.0001215843250176214, 0.00044557785104993826, 0.0031696455180494354, 0.0031696455180494354]], 7, [[(110005, 227.025), (111040, 226.925), (116898, 226.55), (120737, 226.32), (121439, 226.27), (121447, 226.26)], [0.36500000000000909, 0.31061085972851288, 0.45182005141390391, 0.32691223404253833, 0.031733102253014067, 0.01999999999998181], [1638, 663, 5835, 3760, 577, 12], [0.00022283272283272839, 0.00046849300109881277, 7.7432742316007531e-05, 8.6944743096419765e-05, 5.4996711010422996e-05, 0.0016666666666651508]], 6]]"
1,"[[110471, 121461, 38.250372979721099, array([ -6.21667602e-05,   2.33817699e+02]), [[110471, 111040, 116898, 120737, 121439, 121447, 121461], 2011.2222222222219, 10990.000020729072, array([], dtype=float64)], [[(109902, 226.66), (110608, 226.66), (111271, 226.59), (117106, 226.08000000000001), (120866, 225.99000000000001), (121443, 226.24), (121454, 226.175), (121475, 226.175)], [0.28155782424491349, 0.28155782424491349, 0.31034126226262515, 0.45759821676247725, 0.31385119858245503, 0.027980977973442123, 0.092297143611745014, 0.092297143611745014], [569, 569, 5858, 3839, 702, 8, 14, 14], [0.00049482921659914499, 0.00049482921659914499, 5.2977340775456665e-05, 0.0001191972432306531, 0.00044708147946218664, 0.0034976222466802653, 0.0065926531151246437, 0.0065926531151246437]], 8, [[(110471, 226.94), (111040, 226.925), (116898, 226.55), (120737, 226.32), (121439, 226.27), (121447, 226.26), (121461, 226.265)], [0.28000000000000114, 0.31061085972851288, 0.45182005141390391, 0.32691223404253833, 0.031733102253014067, 0.04363636363632395, 0.08999999999997499], [706, 663, 5835, 3760, 577, 11, 21], [0.00039660056657223958, 0.00046849300109881277, 7.7432742316007531e-05, 8.6944743096419765e-05, 5.4996711010422996e-05, 0.003966942148756722, 0.004285714285713095]], 7]]"
1,"[[110471, 121566, 38.841131430209607, array([ -5.99860349e-05,   2.33573274e+02]), [[110471, 111040, 116898, 120737, 121394, 121551, 121566], 1999.5555555555554, 11095.000019334158, array([], dtype=float64)], [[(109902, 226.66), (110608, 226.66), (111271, 226.59), (117106, 226.08000000000001), (120866, 225.99000000000001), (121472, 226.15), (121558, 226.205), (121581, 226.205)], [0.27833858708984849, 0.27833858708984849, 0.3085678459574126, 0.46854933237094087, 0.33300184118243692, 0.13665030403873857, 0.076491505038148944, 0.076491505038148944], [569, 569, 5858, 3839, 657, 157, 15, 15], [0.00048917150630904834, 0.00048917150630904834, 5.2674606684433699e-05, 0.00012204983911720263, 0.0005068521174770729, 0.00087038410215757047, 0.0050994336692099292, 0.0050994336692099292]], 8, [[(110471, 226.94), (111040, 226.925), (116898, 226.55), (120737, 226.32), (121394, 226.295), (121551, 226.29), (121566, 226.285)], [0.28000000000000114, 0.31061085972851288, 0.45182005141390391, 0.32691223404253833, 0.16559405940594729, 0.08947674418601537, 0.07999999999998408], [706, 663, 5835, 3760, 606, 86, 23], [0.00039660056657223958, 0.00046849300109881277, 7.7432742316007531e-05, 8.6944743096419765e-05, 0.00027325752377219023, 0.0010404272579769228, 0.0034782608695645254]], 7]]"
2,"[[123162, 135163, 36.86376905628839, array([  5.12408893e-05,   2.20221739e+02]), [[123162, 125418, 130114, 134674, 135163], 1627.75, 12001.000016274686, array([ 0.00048448])], [[(120906, 227.50999999999999), (124855, 227.50999999999999), (126821, 227.94499999999999), (132150, 228.315), (134986, 227.52000000000001), (135652, 227.52000000000001)], [0.8905798020520308, 0.8905798020520308, 1.2248402137369112, 1.3217775147891757, 0.38145835280462848, 0.38145835280462848], [2256, 2256, 4696, 4560, 489, 489], [0.0003947605505549782, 0.0003947605505549782, 0.0002608262806083712, 0.00028986349008534553, 0.00078007843109330973, 0.00078007843109330973]], 6, [[(123162, 226.525), (125418, 226.65), (130114, 226.905), (134674, 227.11), (135163, 227.15)], [0.98499999999998522, 0.98457019328586171, 1.2686376430850146, 0.49746121297602031, 0.37000000000000455], [3949, 1966, 5329, 2836, 666], [0.00024943023550265517, 0.00050079867410267635, 0.0002380629842531459, 0.00017540945450494368, 0.00055555555555556239]], 5]]"
1,"[[168778, 173793, 42.306509608763392, array([ -2.97839804e-04,   2.76452701e+02]), [[168778, 168852, 170768, 173013, 173765, 173788, 173793], 829.77777777777771, 5015.000218384841, array([], dtype=float64)], [[(168704, 225.94), (168810, 225.94), (169249, 225.625), (171170, 225.06), (173425, 224.42500000000001), (173776, 224.66), (173790, 224.675), (173798, 224.675)], [0.23436399297216326, 0.23436399297216326, 0.41861231893585682, 0.41146205510051459, 0.37483329666807208, 0.035291525399912871, 0.016121768141317716, 0.016121768141317716], [74, 74, 1916, 2245, 752, 23, 5, 5], [0.0031670809861103141, 0.0031670809861103141, 0.00021848242115650148, 0.00018327931184878156, 0.00049844853280328735, 0.0015344141478222987, 0.0032243536282635433, 0.0032243536282635433]], 8, [[(168778, 226.18), (168852, 226.17), (170768, 225.585), (173013, 224.92), (173765, 224.7), (173788, 224.685), (173793, 224.7)], [0.24000000000000909, 0.26013667425968379, 0.40676470588238089, 0.37898226164077187, 0.047364672364665239, 0.012142857142833918, 0.024999999999977263], [106, 439, 1921, 2255, 351, 14, 8], [0.0022641509433963124, 0.00059256645617240041, 0.00021174633309858454, 0.00016806308720211614, 0.00013494208650901779, 0.0008673469387738513, 0.003124999999997158]], 7]]"
1,"[[168778, 173797, 34.960993481110556, array([ -2.98484258e-04,   2.76561966e+02]), [[168778, 168852, 170768, 173013, 173730, 173797], 861.36000000000001, 5019.000224148232, array([], dtype=float64)], [[(168704, 225.94), (168810, 225.94), (169249, 225.625), (171170, 225.06), (173425, 224.42500000000001), (173763, 224.685), (173864, 224.685)], [0.23483831617761552, 0.23483831617761552, 0.41880372699912982, 0.41041546774656013, 0.37233346638552689, 0.011445787245833117, 0.011445787245833117], [74, 74, 1916, 2245, 717, 67, 67], [0.0031734907591569666, 0.0031734907591569666, 0.00021858232098075669, 0.00018281312594501563, 0.00051929353749724809, 0.00017083264546019578, 0.00017083264546019578]], 7, [[(168778, 226.18), (168852, 226.17), (170768, 225.585), (173013, 224.92), (173730, 224.715), (173797, 224.68)], [0.24000000000000909, 0.26013667425968379, 0.40676470588238089, 0.37898226164077187, 0.055384615384610925, -0.0049999999999954525], [106, 439, 1921, 2255, 338, 101], [0.0022641509433963124, 0.00059256645617240041, 0.00021174633309858454, 0.00016806308720211614, 0.00016385980883020984, -4.950495049500448e-05]], 6]]"
1,"[[168778, 173801, 59.691523207510706, array([ -3.00108247e-04,   2.76837169e+02]), [[168778, 168852, 170768, 173013, 173765, 173777, 173788, 173797, 173801], 757.34375, 5023.000225465355, array([], dtype=float64)], [[(168704, 225.94), (168810, 225.94), (169249, 225.625), (171170, 225.06), (173425, 224.42500000000001), (173771, 224.665), (173782, 224.645), (173792, 224.69), (173799, 224.645), (173805, 224.645)], [0.23589566133469475, 0.23589566133469475, 0.41914814103023446, 0.40764019910562865, 0.36589610278082318, 0.02205864942013136, 0.038757458706328407, -0.0092436237607103067, 0.033655618512312913, 0.033655618512312913], [74, 74, 1916, 2245, 752, 12, 11, 9, 4, 4], [0.0031877792072256047, 0.0031877792072256047, 0.00021876207778195953, 0.0001815769261049571, 0.00048656396646386062, 0.0018382207850109467, 0.0035234053369389462, -0.0010270693067455897, 0.0084139046280782281, 0.0084139046280782281]], 10, [[(168778, 226.18), (168852, 226.17), (170768, 225.585), (173013, 224.92), (173765, 224.7), (173777, 224.67), (173788, 224.685), (173797, 224.68), (173801, 224.675)], [0.24000000000000909, 0.26013667425968379, 0.40676470588238089, 0.37898226164077187, 0.039161849710978913, 0.01590909090907644, 0.013000000000033651, 0.022142857142853245, 0.030000000000001137], [106, 439, 1921, 2255, 346, 11, 10, 7, 6], [0.0022641509433963124, 0.00059256645617240041, 0.00021174633309858454, 0.00016806308720211614, 0.00011318453673693328, 0.0014462809917342217, 0.001300000000003365, 0.0031632653061218923, 0.005000000000000189]], 9]]"
1,"[[180305, 190790, 25.576290135571973, array([ -1.64952954e-04,   2.55938344e+02]), [[180305, 180411, 185743, 189753, 190790], 2049.75, 10485.00014107773, array([], dtype=float64)], [[(180199, 226.035), (180347, 226.035), (180509, 225.905), (185809, 224.95500000000001), (189973, 224.25999999999999), (191827, 224.25999999999999)], [0.15457325759834362, 0.15457325759834362, 0.25785087905501314, 0.33360022300732339, 0.34173612267102271, 0.34173612267102271], [106, 106, 5332, 4010, 1037, 1037], [0.0014582382792296567, 0.0014582382792296567, 4.8359129605216264e-05, 8.3192075562923539e-05, 0.0003295430305410055, 0.0003295430305410055]], 6, [[(180305, 226.19), (180411, 226.19), (185743, 225.29), (189753, 224.64), (190790, 224.47)], [0.15500000000000114, 0.20635802469132614, 0.32316981132072442, 0.34328049951969319, 0.21000000000000796], [148, 162, 5300, 4164, 1854], [0.001047297297297305, 0.0012738149672304082, 6.097543609824989e-05, 8.2440081536909986e-05, 0.00011326860841424378]], 5]]"
1,"[[180305, 190803, 30.619507294381549, array([ -1.64763987e-04,   2.55904001e+02]), [[180305, 180411, 185743, 189753, 190790, 190803], 2057.1199999999999, 10498.000140903028, array([], dtype=float64)], [[(180199, 226.035), (180347, 226.035), (180509, 225.905), (185809, 224.95500000000001), (189973, 224.25999999999999), (190796, 224.45), (190816, 224.45)], [0.15431064964599273, 0.15431064964599273, 0.25761888379611264, 0.33436975413906111, 0.34329251340474798, 0.017691752327806398, 0.017691752327806398], [106, 106, 5332, 4010, 1037, 13, 13], [0.0014557608457169125, 0.0014557608457169125, 4.8315619616675291e-05, 8.3383978588294543e-05, 0.0003310438894934889, 0.0013609040252158767, 0.0013609040252158767]], 7, [[(180305, 226.19), (180411, 226.19), (185743, 225.29), (189753, 224.64), (190790, 224.47), (190803, 224.47)], [0.15500000000000114, 0.20635802469132614, 0.32316981132072442, 0.34328049951969319, 0.021385176184679722, 0.020000000000010232], [148, 162, 5300, 4164, 823, 20], [0.001047297297297305, 0.0012738149672304082, 6.097543609824989e-05, 8.2440081536909986e-05, 2.598441820738727e-05, 0.0010000000000005115]], 6]]"
1,"[[180305, 190826, 37.864781994062433, array([ -1.64426598e-04,   2.55842678e+02]), [[180305, 180411, 185743, 189753, 190790, 190803, 190826], 1945.0, 10521.000139778775, array([], dtype=float64)], [[(180199, 226.035), (180347, 226.035), (180509, 225.905), (185809, 224.95500000000001), (189973, 224.25999999999999), (190796, 224.45), (190814, 224.41), (190849, 224.41)], [0.15383395320296245, 0.15383395320296245, 0.25719684435631507, 0.33573587591706655, 0.34606352259990558, 0.020740432595090397, 0.057780753834350662, 0.057780753834350662], [106, 106, 5332, 4010, 1037, 13, 23, 23], [0.00145126370946191, 0.00145126370946191, 4.8236467433667494e-05, 8.372465733592682e-05, 0.00033371602950810566, 0.0015954178919300305, 0.0025122066884500287, 0.0025122066884500287]], 8, [[(180305, 226.19), (180411, 226.19), (185743, 225.29), (189753, 224.64), (190790, 224.47), (190803, 224.47), (190826, 224.475)], [0.15500000000000114, 0.20635802469132614, 0.32316981132072442, 0.34328049951969319, 0.021385176184679722, 0.035555555555561114, 0.06499999999999773], [148, 162, 5300, 4164, 823, 18, 35], [0.001047297297297305, 0.0012738149672304082, 6.097543609824989e-05, 8.2440081536909986e-05, 2.598441820738727e-05, 0.0019753086419756175, 0.0018571428571427923]], 7]]"
1,"[[180305, 190839, 30.810779610715127, array([ -1.65200109e-04,   2.55983267e+02]), [[180305, 180411, 185743, 189753, 190803, 190839], 2051.3599999999997, 10534.000143706095, array([], dtype=float64)], [[(180199, 226.035), (180347, 226.035), (180509, 225.905), (185809, 224.95500000000001), (189973, 224.25999999999999), (190821, 224.43), (190875, 224.43)], [0.15492305099118653, 0.15492305099118653, 0.25816063330239558, 0.33260005459493414, 0.33970679992745545, 0.029617107334246384, 0.029617107334246384], [106, 106, 5332, 4010, 1050, 36, 36], [0.0014615382168979862, 0.0014615382168979862, 4.841722304996166e-05, 8.2942657006217991e-05, 0.00032353028564519569, 0.0008226974259512884, 0.0008226974259512884]], 7, [[(180305, 226.19), (180411, 226.19), (185743, 225.29), (189753, 224.64), (190803, 224.47), (190839, 224.45)], [0.15500000000000114, 0.20635802469132614, 0.32316981132072442, 0.34328049951969319, 0.043608490566043656, 0.01999999999998181], [148, 162, 5300, 4164, 848, 54], [0.001047297297297305, 0.0012738149672304082, 6.097543609824989e-05, 8.2440081536909986e-05, 5.1425106799579783e-05, 0.00037037037037003354]], 6]]"
1,"[[180305, 190849, 30.864101583316494, array([ -1.65650086e-04,   2.56065038e+02]), [[180305, 180411, 185743, 189753, 190839, 190849], 2049.7599999999998, 10544.000143569801, array([], dtype=float64)], [[(180199, 226.035), (180347, 226.035), (180509, 225.905), (185809, 224.95500000000001), (189973, 224.25999999999999), (190844, 224.43), (190859, 224.43)], [0.1555424615338552, 0.1555424615338552, 0.25870714765224534, 0.33076169350150053, 0.33599473669326585, 0.021713512058283868, 0.021713512058283868], [106, 106, 5332, 4010, 1086, 10, 10], [0.0014673817125835397, 0.0014673817125835397, 4.8519720114824705e-05, 8.2484212843266969e-05, 0.00030938741868624848, 0.0021713512058283866, 0.0021713512058283866]], 7, [[(180305, 226.19), (180411, 226.19), (185743, 225.29), (189753, 224.64), (190839, 224.45), (190849, 224.45)], [0.15500000000000114, 0.20635802469132614, 0.32316981132072442, 0.34328049951969319, 0.020975889781823298, 0.01999999999998181], [148, 162, 5300, 4164, 871, 15], [0.001047297297297305, 0.0012738149672304082, 6.097543609824989e-05, 8.2440081536909986e-05, 2.4082537062942937e-05, 0.0013333333333321207]], 6]]"
2,"[[188447, 193747, 19.622362171976839, array([  9.45427264e-05,   2.06001390e+02]), [[188447, 188589, 188772, 192798, 193747], 1350.5, 5300.000022650944, array([ 0.0002151])], [[(188305, 224.05000000000001), (188498, 224.05000000000001), (188745, 224.0), (191997, 225.06999999999999), (193195, 224.935), (194696, 224.935)], [0.22749498219198472, 0.22749498219198472, 0.15414292875922797, 0.91668998234894161, 0.6684277960637246, 0.6684277960637246], [142, 142, 183, 4026, 949, 949], [0.0016020773393801741, 0.0016020773393801741, 0.00084231108611599985, 0.00022769249437380566, 0.0007043496270429132, 0.0007043496270429132]], 6, [[(188447, 223.82), (188589, 223.83), (188772, 223.845), (192798, 224.24), (193747, 224.31)], [0.23000000000001819, 0.20157894736840376, 0.16388376383761738, 0.73973706176960263, 0.625], [193, 247, 3252, 1198, 1501], [0.0011917098445596798, 0.0008161090986575051, 5.0394761327680619e-05, 0.00061747667927345795, 0.00041638907395069954]], 5]]"
2,"[[188447, 193775, 26.996351970458711, array([  9.73534087e-05,   2.05470614e+02]), [[188447, 188589, 188772, 192798, 193766, 193775], 1184.1600000000003, 5328.000024889733, array([  2.26884348e-05])], [[(188305, 224.05000000000001), (188498, 224.05000000000001), (188745, 224.0), (191997, 225.06999999999999), (193195, 224.935), (193770, 224.35), (193784, 224.35)], [0.22846338709800307, 0.22846338709800307, 0.15441709514738022, 0.90782381003248247, 0.65619442640161196, 0.015216216395117499, 0.015216216395117499], [142, 142, 183, 4026, 968, 9, 9], [0.0016088970922394582, 0.0016088970922394582, 0.00084380926310043841, 0.00022549026578054705, 0.00067788680413389667, 0.001690690710568611, 0.001690690710568611]], 7, [[(188447, 223.82), (188589, 223.83), (188772, 223.845), (192798, 224.24), (193766, 224.335), (193775, 224.335)], [0.23000000000001819, 0.20157894736840376, 0.16388376383761738, 0.73973706176960263, 0.019069565217392892, 0.014999999999986358], [193, 247, 3252, 1198, 575, 14], [0.0011917098445596798, 0.0008161090986575051, 5.0394761327680619e-05, 0.00061747667927345795, 3.316446124763981e-05, 0.001071428571427597]], 6]]"
1,"[[177529, 199345, 35.340619673744271, array([ -1.08465045e-04,   2.45898538e+02]), [[177529, 180161, 191997, 192159, 193195, 199345], 3703.8400000000001, 21816.0001287335, array([], dtype=float64)], [[(174897, 226.215), (177772, 226.215), (180268, 226.04499999999999), (192095, 224.94), (192260, 224.80500000000001), (193272, 224.595), (205495, 224.595)], [0.40149010976278987, 0.40149010976278987, 0.30076135745582633, 0.12294527030249469, 0.24004853787835145, 0.34028191234364158, 0.34028191234364158], [2632, 2632, 11836, 162, 1036, 6150, 6150], [0.00015254183501625754, 0.00015254183501625754, 2.5410726381871098e-05, 0.00075892142162033757, 0.00023170708289416164, 5.533039225099863e-05, 5.533039225099863e-05]], 7, [[(177529, 226.65), (180161, 226.35), (191997, 225.07), (192159, 225.065), (193195, 224.935), (199345, 224.28)], [0.43500000000000227, 0.29771233974358324, 0.12084383191003667, 0.177363636363566, 0.32402173913044408, -0.31499999999999773], [2875, 2496, 11827, 165, 1012, 12223], [0.00015130434782608776, 0.00011927577714085868, 1.0217623396468814e-05, 0.0010749311294761575, 0.00032017958412099216, -2.5771087294444711e-05]], 6]]"
1,"[[177529, 199360, 52.029134550433575, array([ -1.08471659e-04,   2.45899751e+02]), [[177529, 180161, 191997, 192159, 193195, 199345, 199355, 199360], 3356.7346938775513, 21831.000129732947, array([], dtype=float64)], [[(174897, 226.215), (177772, 226.215), (180268, 226.04499999999999), (192095, 224.94), (192260, 224.80500000000001), (193272, 224.595), (199350, 224.255), (199357, 224.265), (199365, 224.265)], [0.40152734819540115, 0.40152734819540115, 0.30078208708420107, 0.12288777491968972, 0.23998995116835431, 0.34021663216012143, 0.020925888156085648, 0.010166586542396772, 0.010166586542396772], [2632, 2632, 11836, 162, 1036, 6150, 10, 5, 5], [0.00015255598335691534, 0.00015255598335691534, 2.5412477786769268e-05, 0.00075856651184993658, 0.00023165053201578602, 5.5319777587011616e-05, 0.0020925888156085649, 0.0020333173084793542, 0.0020333173084793542]], 9, [[(177529, 226.65), (180161, 226.35), (191997, 225.07), (192159, 225.065), (193195, 224.935), (199345, 224.28), (199355, 224.28), (199360, 224.27)], [0.43500000000000227, 0.29771233974358324, 0.12084383191003667, 0.177363636363566, 0.32402173913044408, 0.024720302731168431, 0.017857142857138797, 0.005000000000023874], [2875, 2496, 11827, 165, 1012, 6078, 7, 8], [0.00015130434782608776, 0.00011927577714085868, 1.0217623396468814e-05, 0.0010749311294761575, 0.00032017958412099216, 4.0671771522159315e-06, 0.0025510204081626853, 0.0006250000000029843]], 8]]"
1,"[[203063, 215174, 41.550733529643381, array([ -9.56149219e-05,   2.42765812e+02]), [[203063, 206544, 209932, 215061, 215174], 1457.375, 12111.000055552804, array([], dtype=float64)], [[(199582, 222.83500000000001), (203371, 222.83500000000001), (206583, 222.81999999999999), (210002, 222.31999999999999), (215117, 222.09), (215287, 222.09)], [0.48550952308377759, 0.48550952308377759, 0.19339439380505041, 0.36648697568426769, 0.10741664994927191, 0.10741664994927191], [3481, 3481, 3388, 5129, 113, 113], [0.00013947415199189243, 0.00013947415199189243, 5.7082170544583948e-05, 7.1453884906271721e-05, 0.00095058982255992843, 0.00095058982255992843]], 6, [[(203063, 223.36), (206544, 223.005), (209932, 222.69), (215061, 222.2), (215174, 222.2)], [0.52500000000000568, 0.18481787048568776, 0.35976308862240103, 0.10748191593350498, 0.10999999999998522], [3789, 3212, 3419, 5115, 170], [0.00013855898653998566, 5.7539810238383486e-05, 0.00010522465300450454, 2.1013082293940366e-05, 0.0006470588235293249]], 5]]"
1,"[[203063, 215182, 41.663945186061881, array([ -9.58110207e-05,   2.42806137e+02]), [[203063, 206544, 209932, 215061, 215182], 1454.375, 12119.00005599575, array([], dtype=float64)], [[(199582, 222.83500000000001), (203371, 222.83500000000001), (206583, 222.81999999999999), (210002, 222.31999999999999), (215121, 222.085), (215303, 222.085)], [0.48595389541071654, 0.48595389541071654, 0.19320889707213951, 0.3656310174582984, 0.11017440273371903, 0.11017440273371903], [3481, 3481, 3388, 5129, 121, 121], [0.00013960180850638223, 0.00013960180850638223, 5.7027419442780253e-05, 7.1286998919535666e-05, 0.00091053225399767795, 0.00091053225399767795]], 6, [[(203063, 223.36), (206544, 223.005), (209932, 222.69), (215061, 222.2), (215182, 222.195)], [0.52500000000000568, 0.18481787048568776, 0.35976308862240103, 0.11224555577260276, 0.10999999999998522], [3789, 3212, 3419, 5119, 182], [0.00013855898653998566, 5.7539810238383486e-05, 0.00010522465300450454, 2.1927242776441249e-05, 0.0006043956043955232]], 5]]"
2,"[[217175, 225195, 22.810011621370528, array([  1.46490522e-04,   1.90810300e+02]), [[217175, 217347, 221956, 224873, 225195], 1758.0, 8020.000086073877, array([ 0.00017685])], [[(217003, 222.90000000000001), (217299, 222.90000000000001), (219645, 224.40000000000001), (223643, 224.91), (224998, 223.94499999999999), (225517, 223.94499999999999)], [0.25745628981641744, 0.25745628981641744, 1.4137895260866173, 1.3381204206340556, 0.17462576383360329, 0.17462576383360329], [172, 172, 4609, 2917, 322, 322], [0.0014968388942814966, 0.0014968388942814966, 0.00030674539511534331, 0.00045873171773536358, 0.00054231603675032082, 0.00054231603675032082]], 6, [[(217175, 222.625), (217347, 222.645), (221956, 223.335), (224873, 223.745), (225195, 223.8)], [0.27500000000000568, 0.28569053708437764, 1.3597998999499907, 0.28902214022136263, 0.14499999999998181], [296, 2346, 3998, 1355, 519], [0.0009290540540540733, 0.00012177772254236047, 0.00034012003500500016, 0.00021330047248809052, 0.00027938342967241198]], 5]]"
2,"[[217175, 225201, 27.896468926950192, array([  1.46705828e-04,   1.90763326e+02]), [[217175, 217347, 221956, 224873, 225195, 225201], 1726.2400000000002, 8026.0000867430845, array([ 0.00019335])], [[(217003, 222.90000000000001), (217299, 222.90000000000001), (219645, 224.40000000000001), (223643, 224.91), (224998, 223.94499999999999), (225198, 223.825), (225207, 223.825)], [0.25764466931227048, 0.25764466931227048, 1.4134727963383682, 1.3369428951663451, 0.17315649794571186, 0.023815332304280901, 0.023815332304280901], [172, 172, 4609, 2917, 322, 6, 6], [0.0014979341239085492, 0.0014979341239085492, 0.00030667667527410896, 0.00045832804085236379, 0.00053775309921028525, 0.0039692220507134834, 0.0039692220507134834]], 7, [[(217175, 222.625), (217347, 222.645), (221956, 223.335), (224873, 223.745), (225195, 223.8), (225201, 223.805)], [0.27500000000000568, 0.28569053708437764, 1.3597998999499907, 0.28902214022136263, 0.026800000000008595, 0.01999999999998181], [296, 2346, 3998, 1355, 200, 9], [0.0009290540540540733, 0.00012177772254236047, 0.00034012003500500016, 0.00021330047248809052, 0.00013400000000004297, 0.0022222222222202013]], 6]]"
2,"[[234154, 239895, 34.286912007344291, array([  4.37287673e-04,   1.21731928e+02]), [[234154, 236670, 238962, 239863, 239889, 239895], 1004.64, 5741.000546509728, array([ 0.00062641])], [[(231638, 225.75999999999999), (235196, 225.75999999999999), (238368, 227.0), (239441, 227.17500000000001), (239876, 226.635), (239892, 226.635), (239901, 226.635)], [1.1797601741419328, 1.1797601741419328, 1.0326836755786388, 0.73847400251483464, 0.0082538647862406833, 0.001257262019208838, 0.001257262019208838], [2516, 2516, 2292, 901, 26, 6, 6], [0.00046890308988153131, 0.00046890308988153131, 0.00045056006787898728, 0.00081961598503311279, 0.00031745633793233395, 0.00020954366986813966, 0.00020954366986813966]], 7, [[(234154, 224.13), (236670, 225.21), (238962, 226.245), (239863, 226.62), (239889, 226.625), (239895, 226.635)], [1.6299999999999955, 1.1262168978562386, 0.85187791239513899, 0.031137931034436406, 0.009999999999990905, 0.0], [3558, 3172, 1073, 435, 16, 9], [0.00045812254075323086, 0.00035504946338469061, 0.0007939216331734753, 7.1581450653876796e-05, 0.0006249999999994316, 0.0]], 6]]"
2,"[[227916, 254634, 28.768628075178594, array([  1.41378031e-04,   1.90782245e+02]), [[227916, 233661, 252534, 252947, 253159, 254634], 5572.3199999999997, 26718.000265979863, array([ 0.00048326])], [[(222171, 225.19999999999999), (231892, 225.19999999999999), (245751, 227.43000000000001), (252696, 226.785), (253004, 226.84), (253933, 227.31999999999999), (256109, 227.31999999999999)], [1.6333207026507921, 1.6333207026507921, 1.9039625701196314, 0.27709214437251717, 0.28854771080449382, 0.63720751994497959, 0.63720751994497959], [5745, 5745, 18873, 413, 212, 1475, 1475], [0.0002843029943691544, 0.0002843029943691544, 0.00010088287872196425, 0.00067092528903757182, 0.0013610741075683671, 0.00043200509826778275, 0.00043200509826778275]], 7, [[(227916, 223.01), (233661, 223.81), (252534, 226.47), (252947, 226.55), (253159, 226.585), (254634, 226.78)], [2.1899999999999977, 1.6746431921494889, 0.33004535637147114, 0.27982142857140957, 0.3350861141011876, 0.53999999999999204], [9721, 13859, 6945, 308, 929, 2176], [0.00022528546445838883, 0.00012083434534594768, 4.7522729499131915e-05, 0.00090851113172535575, 0.00036069549418857652, 0.0002481617647058787]], 6]]"
2,"[[227916, 254754, 53.95024762590208, array([  1.41198117e-04,   1.90824127e+02]), [[227916, 233661, 252534, 252947, 253159, 254730, 254736, 254742, 254754], 4477.125, 26838.000266901872, array([ 0.00077616])], [[(222171, 225.19999999999999), (231892, 225.19999999999999), (245751, 227.43000000000001), (252696, 226.785), (253004, 226.84), (253933, 227.31999999999999), (254733, 226.82), (254739, 226.795), (254748, 226.805), (254766, 226.805)], [1.6331594142671406, 1.6331594142671406, 1.9062947081464472, 0.28067378426962364, 0.29218476417545958, 0.64101171330696616, 0.028053219555886244, 0.0022060308527329653, 0.010935247798045111, 0.010935247798045111], [5745, 5745, 18873, 413, 212, 1571, 6, 6, 12, 12], [0.00028427491980280949, 0.00028427491980280949, 0.0001010064487970353, 0.00067959754060441561, 0.001378230019695564, 0.00040802782514765511, 0.0046755365926477071, 0.00036767180878882755, 0.00091127064983709261, 0.00091127064983709261]], 10, [[(227916, 223.01), (233661, 223.81), (252534, 226.47), (252947, 226.55), (253159, 226.585), (254730, 226.785), (254736, 226.78), (254742, 226.8), (254754, 226.795)], [2.1899999999999977, 1.6746431921494889, 0.33004535637147114, 0.27982142857140957, 0.3350861141011876, 0.036874999999980673, 0.027499999999889724, -0.0016666666666935726, 0.010000000000019327], [9721, 13859, 6945, 308, 929, 800, 6, 9, 18], [0.00022528546445838883, 0.00012083434534594768, 4.7522729499131915e-05, 0.00090851113172535575, 0.00036069549418857652, 4.6093749999975842e-05, 0.004583333333314954, -0.00018518518518817473, 0.0005555555555566292]], 9]]"
2,"[[227916, 254762, 64.768154572365802, array([  1.41191826e-04,   1.90825592e+02]), [[227916, 233661, 252534, 252947, 253159, 254730, 254736, 254742, 254754, 254762], 4144.9382716049386, 26846.00026682234, array([ 0.0007771])], [[(222171, 225.19999999999999), (231892, 225.19999999999999), (245751, 227.43000000000001), (252696, 226.785), (253004, 226.84), (253933, 227.31999999999999), (254733, 226.82), (254739, 226.795), (254748, 226.805), (254758, 226.81), (254770, 226.81)], [1.6331534545997783, 1.6331534545997783, 1.9063759406273562, 0.28079871034097437, 0.2923116279899034, 0.64114442180760989, 0.028190961155445393, 0.0023438102005570727, 0.011073083768252445, 0.014661165510091223, 0.014661165510091223], [5745, 5745, 18873, 413, 212, 1571, 6, 6, 12, 8, 8], [0.00028427388243686309, 0.00028427388243686309, 0.00010101075296070344, 0.0006799000250386788, 0.0013788284339146387, 0.00040811229905003812, 0.0046984935259075655, 0.00039063503342617878, 0.00092275698068770373, 0.0018326456887614029, 0.0018326456887614029]], 11, [[(227916, 223.01), (233661, 223.81), (252534, 226.47), (252947, 226.55), (253159, 226.585), (254730, 226.785), (254736, 226.78), (254742, 226.8), (254754, 226.795), (254762, 226.795)], [2.1899999999999977, 1.6746431921494889, 0.33004535637147114, 0.27982142857140957, 0.3350861141011876, 0.036874999999980673, 0.027499999999889724, -0.0016666666666935726, 0.01300000000000523, 0.01500000000001478], [9721, 13859, 6945, 308, 929, 800, 6, 9, 10, 12], [0.00022528546445838883, 0.00012083434534594768, 4.7522729499131915e-05, 0.00090851113172535575, 0.00036069549418857652, 4.6093749999975842e-05, 0.004583333333314954, -0.00018518518518817473, 0.001300000000000523, 0.0012500000000012317]], 10]]"
2,"[[236306, 268617, 42.044242082773657, array([  4.99283634e-05,   2.13326649e+02]), [[236306, 243982, 255739, 268600, 268606, 268613, 268617], 5379.5000000000009, 32311.000040611558, array([ 0.00030399])], [[(228630, 227.17500000000001), (239441, 227.17500000000001), (245751, 227.43000000000001), (264352, 227.905), (268603, 226.76), (268609, 226.755), (268615, 226.745), (268621, 226.745)], [1.8934533936208027, 1.8934533936208027, 1.833405420796538, 1.3796879338704287, 0.022442461211795717, 0.01714289103162514, 0.0068433208514591115, 0.0068433208514591115], [7676, 7676, 11757, 12861, 6, 7, 4, 4], [0.00024667188556810876, 0.00024667188556810876, 0.0001559416025173546, 0.00010727687845971764, 0.0037404102019659526, 0.0024489844330893057, 0.0017108302128647779, 0.0017108302128647779]], 8, [[(236306, 225.12), (243982, 225.515), (255739, 226.095), (268600, 226.74), (268606, 226.745), (268613, 226.725), (268617, 226.74)], [2.0550000000000068, 1.8435110935023999, 1.5900561797752744, 0.02080804516583612, 0.012499999999988631, 0.023333333333340533, 0.0049999999999954525], [10811, 6310, 18601, 4251, 6, 6, 6], [0.00019008417352696391, 0.00029215706711606973, 8.5482295563425316e-05, 4.8948588957506753e-06, 0.0020833333333314386, 0.0038888888888900888, 0.0008333333333325754]], 7]]"
2,"[[236306, 268712, 52.769907248816949, array([  5.06722234e-05,   2.13146462e+02]), [[236306, 243982, 255739, 266326, 268712], 3070.5, 32406.000041498486, array([ 0.00021109])], [[(228630, 227.17500000000001), (239441, 227.17500000000001), (245751, 227.43000000000001), (264352, 227.905), (267206, 227.52000000000001), (271098, 227.52000000000001)], [1.8955300847433136, 1.8955300847433136, 1.8307883547994948, 1.3632343264816882, 0.83361580076700648, 0.83361580076700648], [7676, 7676, 11757, 10587, 2386, 2386], [0.00024694242896603879, 0.00024694242896603879, 0.00015571900610695711, 0.00012876493118746464, 0.00034937795505742101, 0.00034937795505742101]], 6, [[(236306, 225.12), (243982, 225.515), (255739, 226.095), (266326, 226.65), (268712, 226.76)], [2.0550000000000068, 1.8435110935023999, 1.5900561797752744, 0.98871058163982184, 0.76000000000001933], [10811, 6310, 18601, 2854, 3892], [0.00019008417352696391, 0.00029215706711606973, 8.5482295563425316e-05, 0.00034642977632789833, 0.0001952723535457398]], 5]]"
2,"[[236306, 268740, 52.936184172065602, array([  5.09232254e-05,   2.13085369e+02]), [[236306, 243982, 255739, 266326, 268740], 3063.5, 32434.000042224594, array([ 0.00023592])], [[(228630, 227.17500000000001), (239441, 227.17500000000001), (245751, 227.43000000000001), (264352, 227.905), (267206, 227.52000000000001), (271154, 227.52000000000001)], [1.8965230556332529, 1.8965230556332529, 1.8301975033753592, 1.3579745877574396, 0.82763970247313523, 0.82763970247313523], [7676, 7676, 11757, 10587, 2414, 2414], [0.0002470717894259058, 0.0002470717894259058, 0.00015566875081869178, 0.00012826812012443938, 0.00034284991817445535, 0.00034284991817445535]], 6, [[(236306, 225.12), (243982, 225.515), (255739, 226.095), (266326, 226.65), (268740, 226.775)], [2.0550000000000068, 1.8435110935023999, 1.5900561797752744, 0.98871058163982184, 0.74500000000000455], [10811, 6310, 18601, 2854, 3948], [0.00019008417352696391, 0.00029215706711606973, 8.5482295563425316e-05, 0.00034642977632789833, 0.00018870314083080156]], 5]]"
2,"[[277578, 284263, 28.175049298225364, array([  9.55775310e-05,   1.98733525e+02]), [[277578, 282474, 283569, 283642, 284258, 284263], 1423.5999999999999, 6685.000030158938, array([  7.74972183e-05])], [[(272682, 227.02000000000001), (281035, 227.02000000000001), (283123, 226.55500000000001), (283602, 226.06999999999999), (284043, 226.41), (284260, 225.915), (284268, 225.915)], [1.4258432136344084, 1.4258432136344084, 0.76127732890370226, 0.23049569155406857, 0.52834600038247004, 0.012605676155203582, 0.012605676155203582], [4896, 4896, 1095, 73, 616, 5, 5], [0.00029122614657565532, 0.00029122614657565532, 0.00069523043735497919, 0.0031574752267680625, 0.00085770454607543838, 0.0025211352310407164, 0.0025211352310407164]], 7, [[(277578, 225.265), (282474, 225.725), (283569, 225.84), (283642, 225.845), (284258, 225.905), (284263, 225.9)], [1.7550000000000239, 0.97453304597701162, 0.2634133611690288, 0.25583900226757805, 0.014562211981541395, 0.014999999999986358], [8353, 2088, 479, 441, 217, 8], [0.00021010415419610008, 0.00046673038600431591, 0.00054992350974745054, 0.00058013379198997288, 6.7106967656872793e-05, 0.0018749999999982947]], 6]]"
2,"[[278504, 284565, 22.011984747165396, array([  6.60610925e-06,   2.23849066e+02]), [[278504, 278584, 282474, 284368, 284565], 1376.75, 6061.000000131991, array([ 0.00013551])], [[(278424, 225.81), (278533, 225.81), (281035, 227.02000000000001), (283123, 226.55500000000001), (284410, 225.97999999999999), (284762, 225.97999999999999)], [0.12091494187680496, 0.12091494187680496, 1.3143864565401486, 0.8355929004318341, 0.25209083783059327, 0.25209083783059327], [80, 80, 3890, 1894, 197, 197], [0.001511436773460062, 0.001511436773460062, 0.00033788854923911274, 0.00044117893370212996, 0.0012796489229979354, 0.0012796489229979354]], 6, [[(278504, 225.685), (278584, 225.69), (282474, 225.725), (284368, 225.725), (284565, 225.725)], [0.125, 0.14466426858513159, 0.97453304597701162, 0.27376456876456245, 0.25499999999999545], [109, 2502, 2088, 1287, 352], [0.0011467889908256881, 5.7819451872554596e-05, 0.00046673038600431591, 0.00021271528264534768, 0.00072443181818180528]], 5]]"
2,"[[278504, 284577, 33.921358277178733, array([  6.04688903e-06,   2.24005202e+02]), [[278504, 278584, 282474, 284368, 284565, 284571, 284577], 1253.2222222222224, 6073.00000013173, array([ 0.00019313])], [[(278424, 225.81), (278533, 225.81), (281035, 227.02000000000001), (283123, 226.55500000000001), (284410, 225.97999999999999), (284568, 225.735), (284574, 225.74), (284583, 225.74)], [0.12054010951726468, 0.12054010951726468, 1.3154107931628118, 0.83778488886699165, 0.25500254268465028, 0.009047134217837538, 0.014010852883643565, 0.014010852883643565], [80, 80, 3890, 1894, 197, 6, 6, 6], [0.0015067513689658086, 0.0015067513689658086, 0.00033815187484905189, 0.00044233626656124165, 0.001294429150683504, 0.0015078557029729229, 0.0023351421472739275, 0.0023351421472739275]], 8, [[(278504, 225.685), (278584, 225.69), (282474, 225.725), (284368, 225.725), (284565, 225.725), (284571, 225.72), (284577, 225.725)], [0.125, 0.14466426858513159, 0.97453304597701162, 0.27376456876456245, 0.014651898734229007, 0.017500000000012506, 0.01500000000001478], [109, 2502, 2088, 1287, 158, 6, 9], [0.0011467889908256881, 5.7819451872554596e-05, 0.00046673038600431591, 0.00021271528264534768, 9.2733536292588661e-05, 0.002916666666668751, 0.001666666666668309]], 7]]"
1,"[[281169, 289644, 40.304363931794612, array([ -1.72117404e-04,   2.75305340e+02]), [[281169, 284043, 286613, 289628, 289644], 1051.375, 8475.000125758112, array([], dtype=float64)], [[(278295, 226.745), (281213, 226.745), (284141, 225.95500000000001), (286828, 225.61500000000001), (289636, 225.39), (289660, 225.39)], [0.15868857218316634, 0.15868857218316634, 0.44472881280466936, 0.32224934782860259, 0.063943676949293149, 0.063943676949293149], [2874, 2874, 2570, 3015, 16, 16], [5.5215230404720367e-05, 5.5215230404720367e-05, 0.00017304623066329548, 0.00010688203908079688, 0.0039964798093308218, 0.0039964798093308218]], 6, [[(281169, 226.91), (284043, 226.41), (286613, 225.99), (289628, 225.45), (289644, 225.45)], [0.16499999999999204, 0.4285587431693898, 0.34779493859326749, 0.059358974358985961, 0.060000000000002274], [2918, 2928, 2687, 2808, 24], [5.65455791638081e-05, 0.00014636569097315226, 0.00012943615131867046, 2.1139235882829757e-05, 0.0025000000000000946]], 5]]"
1,"[[281239, 289684, 51.725194622528711, array([ -1.62321314e-04,   2.72507488e+02]), [[281239, 283123, 284043, 286613, 289675, 289684], 979.60000000000002, 8445.000108704855, array([], dtype=float64)], [[(279355, 226.53), (281342, 226.53), (283923, 226.05000000000001), (284141, 225.95500000000001), (286828, 225.61500000000001), (289679, 225.46), (289693, 225.46)], [0.30968476448879301, 0.30968476448879301, 0.37073345345839925, 0.43034740704047181, 0.33419003674265468, 0.026411970974493215, 0.026411970974493215], [1884, 1884, 920, 2570, 3062, 9, 9], [0.00016437620195795807, 0.00016437620195795807, 0.00040297114506347747, 0.00016745035293403573, 0.00010914109625821512, 0.0029346634416103573, 0.0029346634416103573]], 7, [[(281239, 226.845), (283123, 226.555), (284043, 226.41), (286613, 225.99), (289675, 225.475), (289684, 225.49)], [0.31499999999999773, 0.35622045718707795, 0.41229357798169985, 0.34779493859326749, 0.014782532444769458, 0.030000000000001137], [1987, 2581, 218, 2687, 2851, 14], [0.00015853044791142311, 0.00013801644989813172, 0.0018912549448701827, 0.00012943615131867046, 5.1850341791544928e-06, 0.002142857142857224]], 6]]"
1,"[[264352, 298699, 38.399991111992513, array([ -5.41931914e-05,   2.42239828e+02]), [[264352, 264670, 281035, 290806, 298695, 298699], 5366.7199999999993, 34347.00005009207, array([], dtype=float64)], [[(264034, 227.74000000000001), (264550, 227.74000000000001), (266986, 227.285), (281150, 226.75999999999999), (291112, 225.94), (298697, 225.93), (298703, 225.93)], [0.16301899023002875, 0.16301899023002875, 0.48600437590917522, 0.24341201250985023, 0.52353943949484005, 0.12248408250641774, 0.12248408250641774], [318, 318, 16365, 9771, 7889, 4, 4], [0.00051263833405669414, 0.00051263833405669414, 2.9697792600621766e-05, 2.4911678693056005e-05, 6.636321960892889e-05, 0.030621020626604434, 0.030621020626604434]], 7, [[(264352, 227.905), (264670, 227.9), (281035, 227.02), (290806, 226.48), (298695, 226.05), (298699, 226.05)], [0.16499999999999204, 0.18241379310347838, 0.25573743292858353, 0.51481228668941981, 0.11999736321686783, 0.12000000000000455], [516, 2436, 14164, 9962, 7585, 6], [0.00031976744186044969, 7.4882509484186535e-05, 1.8055452762537669e-05, 5.1677603562479401e-05, 1.5820351116264709e-05, 0.020000000000000757]], 6]]"
1,"[[264352, 298704, 42.815122621626237, array([ -5.42126559e-05,   2.42245080e+02]), [[264352, 264670, 281035, 290806, 298695, 298699, 298704], 5616.333333333333, 34352.00005008478, array([], dtype=float64)], [[(264034, 227.74000000000001), (264550, 227.74000000000001), (266986, 227.285), (281150, 226.75999999999999), (291112, 225.94), (298697, 225.93), (298701, 225.985), (298709, 225.985)], [0.16312181619730381, 0.16312181619730381, 0.48605978637326075, 0.24319172790541188, 0.5231252496184311, 0.12192225445613758, 0.066705403832429511, 0.066705403832429511], [318, 318, 16365, 9771, 7889, 4, 5, 5], [0.00051296168615504341, 0.00051296168615504341, 2.970117851348981e-05, 2.4889133958183591e-05, 6.6310717406316529e-05, 0.030480563614034395, 0.013341080766485902, 0.013341080766485902]], 8, [[(264352, 227.905), (264670, 227.9), (281035, 227.02), (290806, 226.48), (298695, 226.05), (298699, 226.05), (298704, 226.05)], [0.16499999999999204, 0.18241379310347838, 0.25573743292858353, 0.51481228668941981, 0.11999736321686783, 0.09250000000020009, 0.06499999999999773], [516, 2436, 14164, 9962, 7585, 4, 8], [0.00031976744186044969, 7.4882509484186535e-05, 1.8055452762537669e-05, 5.1677603562479401e-05, 1.5820351116264709e-05, 0.023125000000050022, 0.008124999999999716]], 7]]"
2,"[[294687, 300227, 65.977315866282254, array([  7.10927139e-05,   2.04087396e+02]), [[294687, 295535, 297453, 297608, 297738, 299430, 300227], 587.77777777777783, 5540.000014803701, array([ 0.00071727])], [[(293839, 225.58000000000001), (295099, 225.58000000000001), (296280, 225.84999999999999), (297497, 225.44499999999999), (297685, 225.41), (298712, 226.19), (300029, 225.94999999999999), (301024, 225.94999999999999)], [0.51321567792354017, 0.51321567792354017, 0.69925518281638688, 0.20773535000913057, 0.15936991979734216, 0.86635770262967071, 0.53272859843315246, 0.53272859843315246], [848, 848, 1918, 155, 130, 1692, 797, 797], [0.00060520716736266525, 0.00060520716736266525, 0.00036457517352262087, 0.001340228064575036, 0.001225922459979555, 0.00051203173914283139, 0.0006684173129650595, 0.0006684173129650595]], 8, [[(294687, 225.025), (295535, 225.1), (297453, 225.245), (297608, 225.26), (297738, 225.255), (299430, 225.36), (300227, 225.43)], [0.55500000000000682, 0.57967823878072977, 0.21464256368113865, 0.16433510638296411, 0.19525316455695929, 0.69915717539856814, 0.51999999999998181], [1260, 1181, 1217, 188, 1027, 1317, 995], [0.00044047619047619588, 0.00049083678135540196, 0.00017637022488179019, 0.0008741229062923623, 0.00019011992654036932, 0.00053087105193513147, 0.00052261306532661489]], 7]]"
2,"[[294687, 300285, 57.938886291419109, array([  6.78203989e-05,   2.05050359e+02]), [[294687, 295535, 297738, 299430, 300243, 300281, 300285], 676.33333333333337, 5598.000013585209, array([ 0.00042741])], [[(293839, 225.58000000000001), (295099, 225.58000000000001), (296280, 225.84999999999999), (298712, 226.19), (300029, 225.94999999999999), (300262, 225.34), (300283, 225.445), (300289, 225.445)], [0.51590941387553357, 0.51590941387553357, 0.70581352280157716, 0.88087431273231687, 0.55155484741106875, -0.07424730552727965, 0.029328466096274042, 0.029328466096274042], [848, 848, 2203, 1692, 813, 38, 4, 4], [0.00060838374277775184, 0.00060838374277775184, 0.00032038743658718892, 0.00052061129594108558, 0.00067841924650807967, -0.0019538764612442015, 0.0073321165240685104, 0.0073321165240685104]], 8, [[(294687, 225.025), (295535, 225.1), (297738, 225.255), (299430, 225.36), (300243, 225.415), (300281, 225.405), (300285, 225.415)], [0.55500000000000682, 0.57967823878072977, 0.79883223684211657, 0.69915717539856814, -0.025257510729630894, 0.02999999999971692, 0.030000000000001137], [1260, 1181, 2432, 1317, 233, 21, 6], [0.00044047619047619588, 0.00049083678135540196, 0.00032846720264889662, 0.00053087105193513147, -0.00010840133360356607, 0.0014285714285579485, 0.005000000000000189]], 7]]"
1,"[[305347, 311524, 25.383193312818726, array([ -1.71358892e-04,   2.74734840e+02]), [[305347, 308560, 308848, 311157, 311524], 1216.75, 6177.000092674437, array([], dtype=float64)], [[(302134, 221.49000000000001), (308496, 221.49000000000001), (308695, 221.47999999999999), (309143, 221.24000000000001), (311412, 221.065), (311891, 221.065)], [0.3813073771371478, 0.3813073771371478, 0.35720695756629084, 0.52043817380877044, 0.30662484714409288, 0.30662484714409288], [3213, 3213, 288, 2309, 367, 367], [0.00011867643234894111, 0.00011867643234894111, 0.0012403019359940653, 0.00022539548454255975, 0.00083549004671414951, 0.00083549004671414951]], 6, [[(305347, 222.42), (308560, 221.845), (308848, 221.805), (311157, 221.43), (311524, 221.35)], [0.9299999999999784, 0.35821608040200204, 0.40696428571436627, 0.34533274570296157, 0.28499999999999659], [6362, 199, 448, 2269, 479], [0.00014618044640049959, 0.0018000808060402113, 0.00090840242346956757, 0.00015219600956498967, 0.00059498956158663167]], 5]]"
2,"[[311412, 325384, 36.877111490264554, array([  1.52366599e-05,   2.16311632e+02]), [[311412, 314436, 322684, 325354, 325378, 325384], 2273.2799999999997, 13972.000001431434, array([ 0.00047583])], [[(308388, 223.44999999999999), (312311, 223.44999999999999), (317892, 223.09999999999999), (323830, 222.19499999999999), (325366, 221.28), (325381, 221.285), (325390, 221.285)], [2.3797913438160663, 2.3797913438160663, 1.9447555449300751, 0.94928025846076025, 0.010876748858720475, 0.015648198960263926, 0.015648198960263926], [3024, 3024, 8248, 2670, 24, 6, 6], [0.00078696803697621243, 0.00078696803697621243, 0.00023578510486543103, 0.00035553567732612745, 0.00045319786911335314, 0.0026080331600439877, 0.0026080331600439877]], 7, [[(311412, 221.065), (314436, 221.095), (322684, 221.215), (325354, 221.275), (325378, 221.28), (325384, 221.265)], [2.3849999999999909, 2.2217353520874212, 1.1546598181205923, 0.012148437499973852, 0.003999999999990678, 0.020000000000010232], [3923, 5581, 5938, 1536, 15, 9], [0.000607953097119549, 0.00039808911522799161, 0.00019445264703950695, 7.9091389973788093e-06, 0.00026666666666604516, 0.002222222222223359]], 6]]"
2,"[[311412, 325399, 36.955717610331376, array([  1.28745426e-05,   2.17052643e+02]), [[311412, 314436, 322684, 325361, 325370, 325399], 2270.8800000000001, 13987.00000115822, array([ 0.00016223])], [[(308388, 223.44999999999999), (312311, 223.44999999999999), (317892, 223.09999999999999), (323830, 222.19499999999999), (325365, 221.255), (325384, 221.265), (325428, 221.265)], [2.3764958775662706, 2.3764958775662706, 1.9546430553720029, 0.97319402147311962, 0.013431598597605898, 0.023186982288393665, 0.023186982288393665], [3024, 3024, 8248, 2677, 9, 29, 29], [0.00078587826639096251, 0.00078587826639096251, 0.0002369838815921439, 0.00036353904425592815, 0.001492399844178433, 0.00079955111339288505, 0.00079955111339288505]], 7, [[(311412, 221.065), (314436, 221.095), (322684, 221.215), (325361, 221.24), (325370, 221.235), (325399, 221.245)], [2.3849999999999909, 2.2217353520874212, 1.1546598181205923, 0.017449511400684514, 0.02263157894736878, 0.01999999999998181], [3923, 5581, 5938, 1535, 19, 44], [0.000607953097119549, 0.00039808911522799161, 0.00019445264703950695, 1.1367759870152779e-05, 0.001191135734072041, 0.00045454545454504114]], 6]]"
2,"[[338947, 345807, 29.166667670712581, array([  2.64147159e-04,   1.31182467e+02]), [[338947, 339185, 341219, 341416, 345654, 345807], 1411.2, 6860.0002361516, array([ 0.00032232])], [[(338709, 221.06999999999999), (339014, 221.06999999999999), (340505, 221.88999999999999), (341309, 221.50999999999999), (344448, 223.15000000000001), (345730, 222.62), (345960, 222.62)], [0.33794767529292358, 0.33794767529292358, 0.76410426131747045, 0.17172994553192211, 0.98257201362787328, 0.11393535587029646, 0.11393535587029646], [238, 238, 2034, 197, 4238, 153, 153], [0.0014199482155164856, 0.0014199482155164856, 0.00037566581185716343, 0.00087172561183716812, 0.00023184804474466099, 0.00074467552856402911, 0.00074467552856402911]], 7, [[(338947, 220.72), (339185, 220.775), (341219, 221.32), (341416, 221.355), (345654, 222.495), (345807, 222.52)], [0.34999999999999432, 0.38904426559355443, 0.23253731343288564, 0.21090315387064607, 0.15641965678625525, 0.09999999999999432], [305, 1491, 804, 3139, 1282, 230], [0.0011475409836065387, 0.00026092841421432224, 0.00028922551422000701, 6.7188006967392816e-05, 0.00012201221278179037, 0.00043478260869562747]], 6]]"
2,"[[337177, 359594, 39.922291233972935, array([  1.38633405e-04,   1.73641294e+02]), [[337177, 352705, 356303, 359568, 359576, 359586, 359594], 3930.6111111111113, 22417.00021503825, array([ 0.0003121])], [[(321649, 223.72), (348318, 223.72), (355024, 223.94), (357680, 224.10499999999999), (359572, 223.5), (359581, 223.53), (359590, 223.53), (359602, 223.53)], [1.7901956980162197, 1.7901956980162197, 1.0805200837241955, 0.87730975990078264, 0.010015357538662784, 0.038767656893156754, 0.03751995624767801, 0.03751995624767801], [15528, 15528, 3598, 3265, 8, 10, 8, 8], [0.00011528823402989565, 0.00011528823402989565, 0.00030031130731634115, 0.0002687013047169319, 0.0012519196923328479, 0.0038767656893156756, 0.0046899945309597513, 0.0046899945309597513]], 8, [[(337177, 220.385), (352705, 222.535), (356303, 223.045), (359568, 223.5), (359576, 223.48), (359586, 223.49), (359594, 223.49)], [3.335000000000008, 1.3289218610200066, 0.97445594879519604, 0.0012790697674631701, 0.03333333333333144, 0.03999999999999204, 0.03999999999999204], [26669, 6706, 2656, 1892, 9, 9, 12], [0.00012505155798867628, 0.0001981690815717278, 0.00036688853493795033, 6.7604110331034365e-07, 0.003703703703703493, 0.004444444444443561, 0.00333333333333267]], 7]]"
1,"[[364713, 375423, 65.233848162704859, array([ -5.89884180e-06,   2.24494334e+02]), [[364713, 364834, 364965, 367681, 371411, 371497, 374238, 375423], 1313.4285714285713, 10710.000000141223, array([], dtype=float64)], [[(364592, 222.16), (364767, 222.16), (364912, 222.07499999999999), (365265, 222.07499999999999), (370643, 221.99000000000001), (371465, 222.18000000000001), (372582, 222.035), (374527, 221.935), (376608, 221.935)], [0.18263137244827021, 0.18263137244827021, 0.26677604038798108, 0.26469374923431133, 0.31796977806035898, 0.12312093010481817, 0.26153192381971735, 0.3500586765282776, 0.3500586765282776], [121, 121, 131, 2716, 3730, 86, 2741, 1185, 1185], [0.0015093501855228944, 0.0015093501855228944, 0.0020364583235723747, 9.7457197803501957e-05, 8.5246589292321446e-05, 0.0014316387221490485, 9.5414784319488267e-05, 0.00029540816584664776, 0.00029540816584664776]], 9, [[(364713, 222.335), (364834, 222.35), (364965, 222.35), (367681, 222.31), (371411, 222.32), (371497, 222.295), (374238, 222.285), (375423, 222.28)], [0.17500000000001137, 0.22927586206895967, 0.27500000000000568, 0.27318519895871418, 0.1524817518248085, 0.11915398388538279, 0.33514138817480443, 0.34499999999999886], [175, 145, 353, 5378, 822, 1117, 1945, 2081], [0.0010000000000000649, 0.0015812128418548942, 0.00077903682719548354, 5.0796801591430676e-05, 0.00018550091462872081, 0.00010667321744438925, 0.00017230919700504083, 0.00016578567996155641]], 8]]"
1,"[[364713, 375438, 96.987010852747488, array([ -5.46810858e-06,   2.24336426e+02]), [[364713, 364834, 364965, 367681, 371411, 371497, 374238, 375423, 375429, 375433, 375438], 1216.4000000000001, 10725.00000011655, array([], dtype=float64)], [[(364592, 222.16), (364767, 222.16), (364912, 222.07499999999999), (365265, 222.07499999999999), (370643, 221.99000000000001), (371465, 222.18000000000001), (372582, 222.035), (374527, 221.935), (375426, 222.27), (375431, 222.255), (375435, 222.27), (375443, 222.27)], [0.18184081376534778, 0.18184081376534778, 0.26604793802101767, 0.26411769569168086, 0.31971020773923442, 0.12521542248506989, 0.26410754519932311, 0.35347207400789671, 0.013556244392930239, 0.028528903850059351, 0.0135070314157133, 0.0135070314157133], [121, 121, 131, 2716, 3730, 86, 2741, 1185, 6, 4, 5, 5], [0.0015028166426888246, 0.0015028166426888246, 0.002030900290236776, 9.7245101506509898e-05, 8.5713192423387239e-05, 0.0014559932847101151, 9.6354449178884754e-05, 0.00029828867004885799, 0.0022593740654883732, 0.0071322259625148376, 0.0027014062831426599, 0.0027014062831426599]], 12, [[(364713, 222.335), (364834, 222.35), (364965, 222.35), (367681, 222.31), (371411, 222.32), (371497, 222.295), (374238, 222.285), (375423, 222.28), (375429, 222.29), (375433, 222.285), (375438, 222.285)], [0.17500000000001137, 0.22927586206895967, 0.27500000000000568, 0.27318519895871418, 0.1524817518248085, 0.11915398388538279, 0.33514138817480443, 0.011117908787525721, 0.028999999999996362, 0.022500000000263753, 0.014999999999986358], [175, 145, 353, 5378, 822, 1117, 1945, 899, 5, 4, 8], [0.0010000000000000649, 0.0015812128418548942, 0.00077903682719548354, 5.0796801591430676e-05, 0.00018550091462872081, 0.00010667321744438925, 0.00017230919700504083, 1.2366973067325607e-05, 0.005799999999999273, 0.005625000000065938, 0.0018749999999982947]], 11]]"
1,"[[364713, 375551, 39.814361285474071, array([ -3.97507503e-06,   2.23791093e+02]), [[364713, 364834, 364965, 367681, 371411, 375551], 1633.28, 10838.000000056514, array([], dtype=float64)], [[(364592, 222.16), (364767, 222.16), (364912, 222.07499999999999), (365265, 222.07499999999999), (370643, 221.99000000000001), (371465, 222.18000000000001), (379691, 222.18000000000001)], [0.18111661950121061, 0.18111661950121061, 0.26554023362245971, 0.26413703213830786, 0.32775907864888154, 0.13449156697760145, 0.13449156697760145], [121, 121, 131, 2716, 3730, 4140, 4140], [0.0014968315661257074, 0.0014968315661257074, 0.0020270246841409137, 9.7252220964030883e-05, 8.7871066661898535e-05, 3.2485885743381992e-05, 3.2485885743381992e-05]], 7, [[(364713, 222.335), (364834, 222.35), (364965, 222.35), (367681, 222.31), (371411, 222.32), (375551, 222.3)], [0.17500000000001137, 0.22927586206895967, 0.27500000000000568, 0.27318519895871418, 0.1524817518248085, 0.12000000000000455], [175, 145, 353, 5378, 822, 8226], [0.0010000000000000649, 0.0015812128418548942, 0.00077903682719548354, 5.0796801591430676e-05, 0.00018550091462872081, 1.4587892049599386e-05]], 6]]"
